Population,900,Universe,9,0 Generator A,1 MIXING PLACE,2 Village [1],3 Village [2],4 Village [3],5 village [4],6 Village [5],7 Village [6],8 Village [7],
pID,sno,ETA, @U,ETD, >U, @Role, @Mx,Age-Gp,Famkey,,,,
0,0,0,0,12,1,R,1,0,2,U0,is generator,,10 goes to incubator at 1200 till 2000
0,1,12,1,20,0,R,1,0,2,,,,
0,2,20,0,0,0,R,1,0,2,,,,
1,0,0,0,12,1,R,1,0,2,,,,
1,1,12,1,20,0,R,1,0,2,,,,
1,2,20,0,0,0,R,1,0,2,,,,
2,0,0,0,12,1,R,1,0,2,,,,
2,1,12,1,20,0,R,1,0,2,,,,
2,2,20,0,0,0,R,1,0,2,,,,
3,0,0,0,12,1,R,1,0,2,,,,
3,1,12,1,20,0,R,1,0,2,,,,
3,2,20,0,0,0,R,1,0,2,,,,
4,0,0,0,12,1,R,1,0,2,,,,
4,1,12,1,20,0,R,1,0,2,,,,
4,2,20,0,0,0,R,1,0,2,,,,
5,0,0,0,12,1,R,1,0,2,,,,
5,1,12,1,20,0,R,1,0,2,,,,
5,2,20,0,0,0,R,1,0,2,,,,
6,0,0,0,12,1,R,1,0,2,,,,
6,1,12,1,20,0,R,1,0,2,,,,
6,2,20,0,0,0,R,1,0,2,,,,
7,0,0,0,12,1,R,1,0,2,,,,
7,1,12,1,20,0,R,1,0,2,,,,
7,2,20,0,0,0,R,1,0,2,,,,
8,0,0,0,12,1,R,1,0,2,,,,
8,1,12,1,20,0,R,1,0,2,,,,
8,2,20,0,0,0,R,1,0,2,,,,
9,0,0,0,12,1,R,1,0,2,,,,
9,1,12,1,20,0,R,1,0,2,,,,
9,2,20,0,0,0,R,1,0,2,,,,
10,0,0,0,-1,0,R,1,0,2,,,,
11,0,0,0,-1,0,R,1,0,2,,,,
12,0,0,0,-1,0,R,1,0,2,,,,
13,0,0,0,-1,0,R,1,0,2,,,,
14,0,0,0,-1,0,R,1,0,2,,,,
15,0,0,0,-1,0,R,1,0,2,,,,
16,0,0,0,-1,0,R,1,0,2,,,,
17,0,0,0,-1,0,R,1,0,2,,,,
18,0,0,0,-1,0,R,1,0,2,,,,
19,0,0,0,-1,0,R,1,0,2,,,,
20,0,0,0,-1,0,R,1,0,2,,,,
21,0,0,0,-1,0,R,1,0,2,,,,
22,0,0,0,-1,0,R,1,0,2,,,,
23,0,0,0,-1,0,R,1,0,2,,,,
24,0,0,0,-1,0,R,1,0,2,,,,
25,0,0,0,-1,0,R,1,0,2,,,,
26,0,0,0,-1,0,R,1,0,2,,,,
27,0,0,0,-1,0,R,1,0,2,,,,
28,0,0,0,-1,0,R,1,0,2,,,,
29,0,0,0,-1,0,R,1,0,2,,,,
30,0,0,0,-1,0,R,1,0,2,,,,
31,0,0,0,-1,0,R,1,0,2,,,,
32,0,0,0,-1,0,R,1,0,2,,,,
33,0,0,0,-1,0,R,1,0,2,,,,
34,0,0,0,-1,0,R,1,0,2,,,,
35,0,0,0,-1,0,R,1,0,2,,,,
36,0,0,0,-1,0,R,1,0,2,,,,
37,0,0,0,-1,0,R,1,0,2,,,,
38,0,0,0,-1,0,R,1,0,2,,,,
39,0,0,0,-1,0,R,1,0,2,,,,
40,0,0,0,-1,0,R,1,1,2,,,,
41,0,0,0,-1,0,R,1,1,2,,,,
42,0,0,0,-1,0,R,1,1,2,,,,
43,0,0,0,-1,0,R,1,1,2,,,,
44,0,0,0,-1,0,R,1,1,2,,,,
45,0,0,0,-1,0,R,1,1,2,,,,
46,0,0,0,-1,0,R,1,1,2,,,,
47,0,0,0,-1,0,R,1,1,2,,,,
48,0,0,0,-1,0,R,1,1,2,,,,
49,0,0,0,-1,0,R,1,1,2,,,,
50,0,0,0,-1,0,R,1,1,2,,,,
51,0,0,0,-1,0,R,1,1,2,,,,
52,0,0,0,-1,0,R,1,1,2,,,,
53,0,0,0,-1,0,R,1,1,2,,,,
54,0,0,0,-1,0,R,1,1,2,,,,
55,0,0,0,-1,0,R,1,1,2,,,,
56,0,0,0,-1,0,R,1,1,2,,,,
57,0,0,0,-1,0,R,1,1,2,,,,
58,0,0,0,-1,0,R,1,1,2,,,,
59,0,0,0,-1,0,R,1,1,2,,,,
60,0,0,0,-1,0,R,1,1,2,,,,
61,0,0,0,-1,0,R,1,1,2,,,,
62,0,0,0,-1,0,R,1,1,2,,,,
63,0,0,0,-1,0,R,1,1,2,,,,
64,0,0,0,-1,0,R,1,1,2,,,,
65,0,0,0,-1,0,R,1,1,2,,,,
66,0,0,0,-1,0,R,1,1,2,,,,
67,0,0,0,-1,0,R,1,1,2,,,,
68,0,0,0,-1,0,R,1,1,2,,,,
69,0,0,0,-1,0,R,1,1,2,,,,
70,0,0,0,-1,0,R,1,1,2,,,,
71,0,0,0,-1,0,R,1,1,2,,,,
72,0,0,0,-1,0,R,1,1,2,,,,
73,0,0,0,-1,0,R,1,1,2,,,,
74,0,0,0,-1,0,R,1,1,2,,,,
75,0,0,0,-1,0,R,1,1,2,,,,
76,0,0,0,-1,0,R,1,1,2,,,,
77,0,0,0,-1,0,R,1,1,2,,,,
78,0,0,0,-1,0,R,1,1,2,,,,
79,0,0,0,-1,0,R,1,1,2,,,,
80,0,0,0,-1,0,R,1,1,2,,,,
81,0,0,0,-1,0,R,1,1,2,,,,
82,0,0,0,-1,0,R,1,1,2,,,,
83,0,0,0,-1,0,R,1,1,2,,,,
84,0,0,0,-1,0,R,1,1,2,,,,
85,0,0,0,-1,0,R,1,1,2,,,,
86,0,0,0,-1,0,R,1,1,2,,,,
87,0,0,0,-1,0,R,1,1,2,,,,
88,0,0,0,-1,0,R,1,1,2,,,,
89,0,0,0,-1,0,R,1,1,2,,,,
90,0,0,0,-1,0,R,1,1,2,,,,
91,0,0,0,-1,0,R,1,1,2,,,,
92,0,0,0,-1,0,R,1,1,2,,,,
93,0,0,0,-1,0,R,1,1,2,,,,
94,0,0,0,-1,0,R,1,1,2,,,,
95,0,0,0,-1,0,R,1,1,2,,,,
96,0,0,0,-1,0,R,1,1,2,,,,
97,0,0,0,-1,0,R,1,1,2,,,,
98,0,0,0,-1,0,R,1,1,2,,,,
99,0,0,0,-1,0,R,1,1,2,,,,
100,0,0,1,2,0,R,1,0,2,U0,is generator,,10 goes to incubator at 1200 till 2000
100,1,2,0,10,1,R,1,0,2,,,,
100,2,10,1,0,1,R,1,0,2,,,,
101,0,0,1,2,0,R,1,0,2,,,,
101,1,2,0,10,1,R,1,0,2,,,,
101,2,10,1,0,1,R,1,0,2,,,,
102,0,0,1,2,0,R,1,0,2,,,,
102,1,2,0,10,1,R,1,0,2,,,,
102,2,10,1,0,1,R,1,0,2,,,,
103,0,0,1,2,0,R,1,0,2,,,,
103,1,2,0,10,1,R,1,0,2,,,,
103,2,10,1,0,1,R,1,0,2,,,,
104,0,0,1,2,0,R,1,0,2,,,,
104,1,2,0,10,1,R,1,0,2,,,,
104,2,10,1,0,1,R,1,0,2,,,,
105,0,0,1,2,0,R,1,0,2,,,,
105,1,2,0,10,1,R,1,0,2,,,,
105,2,10,1,0,1,R,1,0,2,,,,
106,0,0,1,2,0,R,1,0,2,,,,
106,1,2,0,10,1,R,1,0,2,,,,
106,2,10,1,0,1,R,1,0,2,,,,
107,0,0,1,2,0,R,1,0,2,,,,
107,1,2,0,10,1,R,1,0,2,,,,
107,2,10,1,0,1,R,1,0,2,,,,
108,0,0,1,2,0,R,1,0,2,,,,
108,1,2,0,10,1,R,1,0,2,,,,
108,2,10,1,0,1,R,1,0,2,,,,
109,0,0,1,2,0,R,1,0,2,,,,
109,1,2,0,10,1,R,1,0,2,,,,
109,2,10,1,0,1,R,1,0,2,,,,
110,0,0,1,-1,1,R,1,2,2,,,,
111,0,0,1,-1,1,R,1,2,2,,,,
112,0,0,1,-1,1,R,1,2,2,,,,
113,0,0,1,-1,1,R,1,2,2,,,,
114,0,0,1,-1,1,R,1,2,2,,,,
115,0,0,1,-1,1,R,1,2,2,,,,
116,0,0,1,-1,1,R,1,2,2,,,,
117,0,0,1,-1,1,R,1,2,2,,,,
118,0,0,1,-1,1,R,1,2,2,,,,
119,0,0,1,-1,1,R,1,2,2,,,,
120,0,0,1,-1,1,R,1,2,2,,,,
121,0,0,1,-1,1,R,1,2,2,,,,
122,0,0,1,-1,1,R,1,2,2,,,,
123,0,0,1,-1,1,R,1,2,2,,,,
124,0,0,1,-1,1,R,1,2,2,,,,
125,0,0,1,-1,1,R,1,2,2,,,,
126,0,0,1,-1,1,R,1,2,2,,,,
127,0,0,1,-1,1,R,1,2,2,,,,
128,0,0,1,-1,1,R,1,2,2,,,,
129,0,0,1,-1,1,R,1,2,2,,,,
130,0,0,1,-1,1,R,1,2,2,,,,
131,0,0,1,-1,1,R,1,2,2,,,,
132,0,0,1,-1,1,R,1,2,2,,,,
133,0,0,1,-1,1,R,1,2,2,,,,
134,0,0,1,-1,1,R,1,2,2,,,,
135,0,0,1,-1,1,R,1,2,2,,,,
136,0,0,1,-1,1,R,1,2,2,,,,
137,0,0,1,-1,1,R,1,2,2,,,,
138,0,0,1,-1,1,R,1,2,2,,,,
139,0,0,1,-1,1,R,1,2,2,,,,
140,0,0,1,-1,1,R,1,2,2,,,,
141,0,0,1,-1,1,R,1,2,2,,,,
142,0,0,1,-1,1,R,1,2,2,,,,
143,0,0,1,-1,1,R,1,2,2,,,,
144,0,0,1,-1,1,R,1,2,2,,,,
145,0,0,1,-1,1,R,1,2,2,,,,
146,0,0,1,-1,1,R,1,2,2,,,,
147,0,0,1,-1,1,R,1,2,2,,,,
148,0,0,1,-1,1,R,1,2,2,,,,
149,0,0,1,-1,1,R,1,2,2,,,,
150,0,0,1,-1,1,R,1,2,2,,,,
151,0,0,1,-1,1,R,1,2,2,,,,
152,0,0,1,-1,1,R,1,2,2,,,,
153,0,0,1,-1,1,R,1,2,2,,,,
154,0,0,1,-1,1,R,1,2,2,,,,
155,0,0,1,-1,1,R,1,2,2,,,,
156,0,0,1,-1,1,R,1,2,2,,,,
157,0,0,1,-1,1,R,1,2,2,,,,
158,0,0,1,-1,1,R,1,2,2,,,,
159,0,0,1,-1,1,R,1,2,2,,,,
160,0,0,1,-1,1,R,1,2,2,,,,
161,0,0,1,-1,1,R,1,2,2,,,,
162,0,0,1,-1,1,R,1,2,2,,,,
163,0,0,1,-1,1,R,1,2,2,,,,
164,0,0,1,-1,1,R,1,2,2,,,,
165,0,0,1,-1,1,R,1,2,2,,,,
166,0,0,1,-1,1,R,1,2,2,,,,
167,0,0,1,-1,1,R,1,2,2,,,,
168,0,0,1,-1,1,R,1,2,2,,,,
169,0,0,1,-1,1,R,1,2,2,,,,
170,0,0,1,-1,1,R,1,2,2,,,,
171,0,0,1,-1,1,R,1,2,2,,,,
172,0,0,1,-1,1,R,1,2,2,,,,
173,0,0,1,-1,1,R,1,2,2,,,,
174,0,0,1,-1,1,R,1,2,2,,,,
175,0,0,1,-1,1,R,1,2,2,,,,
176,0,0,1,-1,1,R,1,2,2,,,,
177,0,0,1,-1,1,R,1,2,2,,,,
178,0,0,1,-1,1,R,1,2,2,,,,
179,0,0,1,-1,1,R,1,2,2,,,,
180,0,0,1,-1,1,R,1,2,2,,,,
181,0,0,1,-1,1,R,1,2,2,,,,
182,0,0,1,-1,1,R,1,2,2,,,,
183,0,0,1,-1,1,R,1,2,2,,,,
184,0,0,1,-1,1,R,1,2,2,,,,
185,0,0,1,-1,1,R,1,2,2,,,,
186,0,0,1,-1,1,R,1,2,2,,,,
187,0,0,1,-1,1,R,1,2,2,,,,
188,0,0,1,-1,1,R,1,2,2,,,,
189,0,0,1,-1,1,R,1,2,2,,,,
190,0,0,1,-1,1,R,1,2,2,,,,
191,0,0,1,-1,1,R,1,2,2,,,,
192,0,0,1,-1,1,R,1,2,2,,,,
193,0,0,1,-1,1,R,1,2,2,,,,
194,0,0,1,-1,1,R,1,2,2,,,,
195,0,0,1,-1,1,R,1,2,2,,,,
196,0,0,1,-1,1,R,1,2,2,,,,
197,0,0,1,-1,1,R,1,2,2,,,,
198,0,0,1,-1,1,R,1,2,2,,,,
199,0,0,1,-1,1,R,1,2,2,,,,
200,0,0,2,12,1,R,1,0,2,,,,
200,1,12,1,20,2,R,1,0,2,,,,
200,2,20,2,0,2,R,1,0,2,,,,
201,0,0,2,12,1,R,1,0,2,,,,
201,1,12,1,20,2,R,1,0,2,,,,
201,2,20,2,0,2,R,1,0,2,,,,
202,0,0,2,12,1,R,1,0,2,,,,
202,1,12,1,20,2,R,1,0,2,,,,
202,2,20,2,0,2,R,1,0,2,,,,
203,0,0,2,12,1,R,1,0,2,,,,
203,1,12,1,20,2,R,1,0,2,,,,
203,2,20,2,0,2,R,1,0,2,,,,
204,0,0,2,12,1,R,1,0,2,,,,
204,1,12,1,20,2,R,1,0,2,,,,
204,2,20,2,0,2,R,1,0,2,,,,
205,0,0,2,12,1,R,1,0,2,,,,
205,1,12,1,20,2,R,1,0,2,,,,
205,2,20,2,0,2,R,1,0,2,,,,
206,0,0,2,12,1,R,1,0,2,,,,
206,1,12,1,20,2,R,1,0,2,,,,
206,2,20,2,0,2,R,1,0,2,,,,
207,0,0,2,12,1,R,1,0,2,,,,
207,1,12,1,20,2,R,1,0,2,,,,
207,2,20,2,0,2,R,1,0,2,,,,
208,0,0,2,12,1,R,1,0,2,,,,
208,1,12,1,20,2,R,1,0,2,,,,
208,2,20,2,0,2,R,1,0,2,,,,
209,0,0,2,12,1,R,1,0,2,,,,
209,1,12,1,20,2,R,1,0,2,,,,
209,2,20,2,0,2,R,1,0,2,,,,
210,0,0,2,-1,2,R,1,2,2,,,,
211,0,0,2,-1,2,R,1,2,2,,,,
212,0,0,2,-1,2,R,1,2,2,,,,
213,0,0,2,-1,2,R,1,2,2,,,,
214,0,0,2,-1,2,R,1,2,2,,,,
215,0,0,2,-1,2,R,1,2,2,,,,
216,0,0,2,-1,2,R,1,2,2,,,,
217,0,0,2,-1,2,R,1,2,2,,,,
218,0,0,2,-1,2,R,1,2,2,,,,
219,0,0,2,-1,2,R,1,2,2,,,,
220,0,0,2,-1,2,R,1,2,2,,,,
221,0,0,2,-1,2,R,1,2,2,,,,
222,0,0,2,-1,2,R,1,2,2,,,,
223,0,0,2,-1,2,R,1,2,2,,,,
224,0,0,2,-1,2,R,1,2,2,,,,
225,0,0,2,-1,2,R,1,2,2,,,,
226,0,0,2,-1,2,R,1,2,2,,,,
227,0,0,2,-1,2,R,1,2,2,,,,
228,0,0,2,-1,2,R,1,2,2,,,,
229,0,0,2,-1,2,R,1,2,2,,,,
230,0,0,2,-1,2,R,1,2,2,,,,
231,0,0,2,-1,2,R,1,2,2,,,,
232,0,0,2,-1,2,R,1,2,2,,,,
233,0,0,2,-1,2,R,1,2,2,,,,
234,0,0,2,-1,2,R,1,2,2,,,,
235,0,0,2,-1,2,R,1,2,2,,,,
236,0,0,2,-1,2,R,1,2,2,,,,
237,0,0,2,-1,2,R,1,2,2,,,,
238,0,0,2,-1,2,R,1,2,2,,,,
239,0,0,2,-1,2,R,1,2,2,,,,
240,0,0,2,-1,2,R,1,2,2,,,,
241,0,0,2,-1,2,R,1,2,2,,,,
242,0,0,2,-1,2,R,1,2,2,,,,
243,0,0,2,-1,2,R,1,2,2,,,,
244,0,0,2,-1,2,R,1,2,2,,,,
245,0,0,2,-1,2,R,1,2,2,,,,
246,0,0,2,-1,2,R,1,2,2,,,,
247,0,0,2,-1,2,R,1,2,2,,,,
248,0,0,2,-1,2,R,1,2,2,,,,
249,0,0,2,-1,2,R,1,2,2,,,,
250,0,0,2,-1,2,R,1,2,2,,,,
251,0,0,2,-1,2,R,1,2,2,,,,
252,0,0,2,-1,2,R,1,2,2,,,,
253,0,0,2,-1,2,R,1,2,2,,,,
254,0,0,2,-1,2,R,1,2,2,,,,
255,0,0,2,-1,2,R,1,2,2,,,,
256,0,0,2,-1,2,R,1,2,2,,,,
257,0,0,2,-1,2,R,1,2,2,,,,
258,0,0,2,-1,2,R,1,2,2,,,,
259,0,0,2,-1,2,R,1,2,2,,,,
260,0,0,2,-1,2,R,1,2,2,,,,
261,0,0,2,-1,2,R,1,2,2,,,,
262,0,0,2,-1,2,R,1,2,2,,,,
263,0,0,2,-1,2,R,1,2,2,,,,
264,0,0,2,-1,2,R,1,2,2,,,,
265,0,0,2,-1,2,R,1,2,2,,,,
266,0,0,2,-1,2,R,1,2,2,,,,
267,0,0,2,-1,2,R,1,2,2,,,,
268,0,0,2,-1,2,R,1,2,2,,,,
269,0,0,2,-1,2,R,1,2,2,,,,
270,0,0,2,-1,2,R,1,2,2,,,,
271,0,0,2,-1,2,R,1,2,2,,,,
272,0,0,2,-1,2,R,1,2,2,,,,
273,0,0,2,-1,2,R,1,2,2,,,,
274,0,0,2,-1,2,R,1,2,2,,,,
275,0,0,2,-1,2,R,1,2,2,,,,
276,0,0,2,-1,2,R,1,2,2,,,,
277,0,0,2,-1,2,R,1,2,2,,,,
278,0,0,2,-1,2,R,1,2,2,,,,
279,0,0,2,-1,2,R,1,2,2,,,,
280,0,0,2,-1,2,R,1,2,2,,,,
281,0,0,2,-1,2,R,1,2,2,,,,
282,0,0,2,-1,2,R,1,2,2,,,,
283,0,0,2,-1,2,R,1,2,2,,,,
284,0,0,2,-1,2,R,1,2,2,,,,
285,0,0,2,-1,2,R,1,2,2,,,,
286,0,0,2,-1,2,R,1,2,2,,,,
287,0,0,2,-1,2,R,1,2,2,,,,
288,0,0,2,-1,2,R,1,2,2,,,,
289,0,0,2,-1,2,R,1,2,2,,,,
290,0,0,2,-1,2,R,1,2,2,,,,
291,0,0,2,-1,2,R,1,2,2,,,,
292,0,0,2,-1,2,R,1,2,2,,,,
293,0,0,2,-1,2,R,1,2,2,,,,
294,0,0,2,-1,2,R,1,2,2,,,,
295,0,0,2,-1,2,R,1,2,2,,,,
296,0,0,2,-1,2,R,1,2,2,,,,
297,0,0,2,-1,2,R,1,2,2,,,,
298,0,0,2,-1,2,R,1,2,2,,,,
299,0,0,2,-1,2,R,1,2,2,,,,
300,0,0,3,12,1,R,1,0,2,,,,
300,1,12,1,20,3,R,1,0,2,,,,
300,2,20,3,0,3,R,1,0,2,,,,
301,0,0,3,12,1,R,1,0,2,,,,
301,1,12,1,20,3,R,1,0,2,,,,
301,2,20,3,0,3,R,1,0,2,,,,
302,0,0,3,12,1,R,1,0,2,,,,
302,1,12,1,20,3,R,1,0,2,,,,
302,2,20,3,0,3,R,1,0,2,,,,
303,0,0,3,12,1,R,1,0,2,,,,
303,1,12,1,20,3,R,1,0,2,,,,
303,2,20,3,0,3,R,1,0,2,,,,
304,0,0,3,12,1,R,1,0,2,,,,
304,1,12,1,20,3,R,1,0,2,,,,
304,2,20,3,0,3,R,1,0,2,,,,
305,0,0,3,12,1,R,1,0,2,,,,
305,1,12,1,20,3,R,1,0,2,,,,
305,2,20,3,0,3,R,1,0,2,,,,
306,0,0,3,12,1,R,1,0,2,,,,
306,1,12,1,20,3,R,1,0,2,,,,
306,2,20,3,0,3,R,1,0,2,,,,
307,0,0,3,12,1,R,1,0,2,,,,
307,1,12,1,20,3,R,1,0,2,,,,
307,2,20,3,0,3,R,1,0,2,,,,
308,0,0,3,12,1,R,1,0,2,,,,
308,1,12,1,20,3,R,1,0,2,,,,
308,2,20,3,0,3,R,1,0,2,,,,
309,0,0,3,12,1,R,1,0,2,,,,
309,1,12,1,20,3,R,1,0,2,,,,
309,2,20,3,0,3,R,1,0,2,,,,
310,0,0,3,-1,3,R,1,2,2,,,,
311,0,0,3,-1,3,R,1,2,2,,,,
312,0,0,3,-1,3,R,1,2,2,,,,
313,0,0,3,-1,3,R,1,2,2,,,,
314,0,0,3,-1,3,R,1,2,2,,,,
315,0,0,3,-1,3,R,1,2,2,,,,
316,0,0,3,-1,3,R,1,2,2,,,,
317,0,0,3,-1,3,R,1,2,2,,,,
318,0,0,3,-1,3,R,1,2,2,,,,
319,0,0,3,-1,3,R,1,2,2,,,,
320,0,0,3,-1,3,R,1,2,2,,,,
321,0,0,3,-1,3,R,1,2,2,,,,
322,0,0,3,-1,3,R,1,2,2,,,,
323,0,0,3,-1,3,R,1,2,2,,,,
324,0,0,3,-1,3,R,1,2,2,,,,
325,0,0,3,-1,3,R,1,2,2,,,,
326,0,0,3,-1,3,R,1,2,2,,,,
327,0,0,3,-1,3,R,1,2,2,,,,
328,0,0,3,-1,3,R,1,2,2,,,,
329,0,0,3,-1,3,R,1,2,2,,,,
330,0,0,3,-1,3,R,1,2,2,,,,
331,0,0,3,-1,3,R,1,2,2,,,,
332,0,0,3,-1,3,R,1,2,2,,,,
333,0,0,3,-1,3,R,1,2,2,,,,
334,0,0,3,-1,3,R,1,2,2,,,,
335,0,0,3,-1,3,R,1,2,2,,,,
336,0,0,3,-1,3,R,1,2,2,,,,
337,0,0,3,-1,3,R,1,2,2,,,,
338,0,0,3,-1,3,R,1,2,2,,,,
339,0,0,3,-1,3,R,1,2,2,,,,
340,0,0,3,-1,3,R,1,2,2,,,,
341,0,0,3,-1,3,R,1,2,2,,,,
342,0,0,3,-1,3,R,1,2,2,,,,
343,0,0,3,-1,3,R,1,2,2,,,,
344,0,0,3,-1,3,R,1,2,2,,,,
345,0,0,3,-1,3,R,1,2,2,,,,
346,0,0,3,-1,3,R,1,2,2,,,,
347,0,0,3,-1,3,R,1,2,2,,,,
348,0,0,3,-1,3,R,1,2,2,,,,
349,0,0,3,-1,3,R,1,2,2,,,,
350,0,0,3,-1,3,R,1,2,2,,,,
351,0,0,3,-1,3,R,1,2,2,,,,
352,0,0,3,-1,3,R,1,2,2,,,,
353,0,0,3,-1,3,R,1,2,2,,,,
354,0,0,3,-1,3,R,1,2,2,,,,
355,0,0,3,-1,3,R,1,2,2,,,,
356,0,0,3,-1,3,R,1,2,2,,,,
357,0,0,3,-1,3,R,1,2,2,,,,
358,0,0,3,-1,3,R,1,2,2,,,,
359,0,0,3,-1,3,R,1,2,2,,,,
360,0,0,3,-1,3,R,1,2,2,,,,
361,0,0,3,-1,3,R,1,2,2,,,,
362,0,0,3,-1,3,R,1,2,2,,,,
363,0,0,3,-1,3,R,1,2,2,,,,
364,0,0,3,-1,3,R,1,2,2,,,,
365,0,0,3,-1,3,R,1,2,2,,,,
366,0,0,3,-1,3,R,1,2,2,,,,
367,0,0,3,-1,3,R,1,2,2,,,,
368,0,0,3,-1,3,R,1,2,2,,,,
369,0,0,3,-1,3,R,1,2,2,,,,
370,0,0,3,-1,3,R,1,2,2,,,,
371,0,0,3,-1,3,R,1,2,2,,,,
372,0,0,3,-1,3,R,1,2,2,,,,
373,0,0,3,-1,3,R,1,2,2,,,,
374,0,0,3,-1,3,R,1,2,2,,,,
375,0,0,3,-1,3,R,1,2,2,,,,
376,0,0,3,-1,3,R,1,2,2,,,,
377,0,0,3,-1,3,R,1,2,2,,,,
378,0,0,3,-1,3,R,1,2,2,,,,
379,0,0,3,-1,3,R,1,2,2,,,,
380,0,0,3,-1,3,R,1,2,2,,,,
381,0,0,3,-1,3,R,1,2,2,,,,
382,0,0,3,-1,3,R,1,2,2,,,,
383,0,0,3,-1,3,R,1,2,2,,,,
384,0,0,3,-1,3,R,1,2,2,,,,
385,0,0,3,-1,3,R,1,2,2,,,,
386,0,0,3,-1,3,R,1,2,2,,,,
387,0,0,3,-1,3,R,1,2,2,,,,
388,0,0,3,-1,3,R,1,2,2,,,,
389,0,0,3,-1,3,R,1,2,2,,,,
390,0,0,3,-1,3,R,1,2,2,,,,
391,0,0,3,-1,3,R,1,2,2,,,,
392,0,0,3,-1,3,R,1,2,2,,,,
393,0,0,3,-1,3,R,1,2,2,,,,
394,0,0,3,-1,3,R,1,2,2,,,,
395,0,0,3,-1,3,R,1,2,2,,,,
396,0,0,3,-1,3,R,1,2,2,,,,
397,0,0,3,-1,3,R,1,2,2,,,,
398,0,0,3,-1,3,R,1,2,2,,,,
399,0,0,3,-1,3,R,1,2,2,,,,
400,0,0,4,12,1,R,1,0,2,,,,
400,1,12,1,20,4,R,1,0,2,,,,
400,2,20,4,0,4,R,1,0,2,,,,
401,0,0,4,12,1,R,1,0,2,,,,
401,1,12,1,20,4,R,1,0,2,,,,
401,2,20,4,0,4,R,1,0,2,,,,
402,0,0,4,12,1,R,1,0,2,,,,
402,1,12,1,20,4,R,1,0,2,,,,
402,2,20,4,0,4,R,1,0,2,,,,
403,0,0,4,12,1,R,1,0,2,,,,
403,1,12,1,20,4,R,1,0,2,,,,
403,2,20,4,0,4,R,1,0,2,,,,
404,0,0,4,12,1,R,1,0,2,,,,
404,1,12,1,20,4,R,1,0,2,,,,
404,2,20,4,0,4,R,1,0,2,,,,
405,0,0,4,12,1,R,1,0,2,,,,
405,1,12,1,20,4,R,1,0,2,,,,
405,2,20,4,0,4,R,1,0,2,,,,
406,0,0,4,12,1,R,1,0,2,,,,
406,1,12,1,20,4,R,1,0,2,,,,
406,2,20,4,0,4,R,1,0,2,,,,
407,0,0,4,12,1,R,1,0,2,,,,
407,1,12,1,20,4,R,1,0,2,,,,
407,2,20,4,0,4,R,1,0,2,,,,
408,0,0,4,12,1,R,1,0,2,,,,
408,1,12,1,20,4,R,1,0,2,,,,
408,2,20,4,0,4,R,1,0,2,,,,
409,0,0,4,12,1,R,1,0,2,,,,
409,1,12,1,20,4,R,1,0,2,,,,
409,2,20,4,0,4,R,1,0,2,,,,
410,0,0,4,-1,4,R,1,2,2,,,,
411,0,0,4,-1,4,R,1,2,2,,,,
412,0,0,4,-1,4,R,1,2,2,,,,
413,0,0,4,-1,4,R,1,2,2,,,,
414,0,0,4,-1,4,R,1,2,2,,,,
415,0,0,4,-1,4,R,1,2,2,,,,
416,0,0,4,-1,4,R,1,2,2,,,,
417,0,0,4,-1,4,R,1,2,2,,,,
418,0,0,4,-1,4,R,1,2,2,,,,
419,0,0,4,-1,4,R,1,2,2,,,,
420,0,0,4,-1,4,R,1,2,2,,,,
421,0,0,4,-1,4,R,1,2,2,,,,
422,0,0,4,-1,4,R,1,2,2,,,,
423,0,0,4,-1,4,R,1,2,2,,,,
424,0,0,4,-1,4,R,1,2,2,,,,
425,0,0,4,-1,4,R,1,2,2,,,,
426,0,0,4,-1,4,R,1,2,2,,,,
427,0,0,4,-1,4,R,1,2,2,,,,
428,0,0,4,-1,4,R,1,2,2,,,,
429,0,0,4,-1,4,R,1,2,2,,,,
430,0,0,4,-1,4,R,1,2,2,,,,
431,0,0,4,-1,4,R,1,2,2,,,,
432,0,0,4,-1,4,R,1,2,2,,,,
433,0,0,4,-1,4,R,1,2,2,,,,
434,0,0,4,-1,4,R,1,2,2,,,,
435,0,0,4,-1,4,R,1,2,2,,,,
436,0,0,4,-1,4,R,1,2,2,,,,
437,0,0,4,-1,4,R,1,2,2,,,,
438,0,0,4,-1,4,R,1,2,2,,,,
439,0,0,4,-1,4,R,1,2,2,,,,
440,0,0,4,-1,4,R,1,2,2,,,,
441,0,0,4,-1,4,R,1,2,2,,,,
442,0,0,4,-1,4,R,1,2,2,,,,
443,0,0,4,-1,4,R,1,2,2,,,,
444,0,0,4,-1,4,R,1,2,2,,,,
445,0,0,4,-1,4,R,1,2,2,,,,
446,0,0,4,-1,4,R,1,2,2,,,,
447,0,0,4,-1,4,R,1,2,2,,,,
448,0,0,4,-1,4,R,1,2,2,,,,
449,0,0,4,-1,4,R,1,2,2,,,,
450,0,0,4,-1,4,R,1,2,2,,,,
451,0,0,4,-1,4,R,1,2,2,,,,
452,0,0,4,-1,4,R,1,2,2,,,,
453,0,0,4,-1,4,R,1,2,2,,,,
454,0,0,4,-1,4,R,1,2,2,,,,
455,0,0,4,-1,4,R,1,2,2,,,,
456,0,0,4,-1,4,R,1,2,2,,,,
457,0,0,4,-1,4,R,1,2,2,,,,
458,0,0,4,-1,4,R,1,2,2,,,,
459,0,0,4,-1,4,R,1,2,2,,,,
460,0,0,4,-1,4,R,1,2,2,,,,
461,0,0,4,-1,4,R,1,2,2,,,,
462,0,0,4,-1,4,R,1,2,2,,,,
463,0,0,4,-1,4,R,1,2,2,,,,
464,0,0,4,-1,4,R,1,2,2,,,,
465,0,0,4,-1,4,R,1,2,2,,,,
466,0,0,4,-1,4,R,1,2,2,,,,
467,0,0,4,-1,4,R,1,2,2,,,,
468,0,0,4,-1,4,R,1,2,2,,,,
469,0,0,4,-1,4,R,1,2,2,,,,
470,0,0,4,-1,4,R,1,2,2,,,,
471,0,0,4,-1,4,R,1,2,2,,,,
472,0,0,4,-1,4,R,1,2,2,,,,
473,0,0,4,-1,4,R,1,2,2,,,,
474,0,0,4,-1,4,R,1,2,2,,,,
475,0,0,4,-1,4,R,1,2,2,,,,
476,0,0,4,-1,4,R,1,2,2,,,,
477,0,0,4,-1,4,R,1,2,2,,,,
478,0,0,4,-1,4,R,1,2,2,,,,
479,0,0,4,-1,4,R,1,2,2,,,,
480,0,0,4,-1,4,R,1,2,2,,,,
481,0,0,4,-1,4,R,1,2,2,,,,
482,0,0,4,-1,4,R,1,2,2,,,,
483,0,0,4,-1,4,R,1,2,2,,,,
484,0,0,4,-1,4,R,1,2,2,,,,
485,0,0,4,-1,4,R,1,2,2,,,,
486,0,0,4,-1,4,R,1,2,2,,,,
487,0,0,4,-1,4,R,1,2,2,,,,
488,0,0,4,-1,4,R,1,2,2,,,,
489,0,0,4,-1,4,R,1,2,2,,,,
490,0,0,4,-1,4,R,1,2,2,,,,
491,0,0,4,-1,4,R,1,2,2,,,,
492,0,0,4,-1,4,R,1,2,2,,,,
493,0,0,4,-1,4,R,1,2,2,,,,
494,0,0,4,-1,4,R,1,2,2,,,,
495,0,0,4,-1,4,R,1,2,2,,,,
496,0,0,4,-1,4,R,1,2,2,,,,
497,0,0,4,-1,4,R,1,2,2,,,,
498,0,0,4,-1,4,R,1,2,2,,,,
499,0,0,4,-1,4,R,1,2,2,,,,
500,0,0,5,12,1,R,1,0,2,,,,
500,1,12,1,20,5,R,1,0,2,,,,
500,2,20,5,0,5,R,1,0,2,,,,
501,0,0,5,12,1,R,1,0,2,,,,
501,1,12,1,20,5,R,1,0,2,,,,
501,2,20,5,0,5,R,1,0,2,,,,
502,0,0,5,12,1,R,1,0,2,,,,
502,1,12,1,20,5,R,1,0,2,,,,
502,2,20,5,0,5,R,1,0,2,,,,
503,0,0,5,12,1,R,1,0,2,,,,
503,1,12,1,20,5,R,1,0,2,,,,
503,2,20,5,0,5,R,1,0,2,,,,
504,0,0,5,12,1,R,1,0,2,,,,
504,1,12,1,20,5,R,1,0,2,,,,
504,2,20,5,0,5,R,1,0,2,,,,
505,0,0,5,12,1,R,1,0,2,,,,
505,1,12,1,20,5,R,1,0,2,,,,
505,2,20,5,0,5,R,1,0,2,,,,
506,0,0,5,12,1,R,1,0,2,,,,
506,1,12,1,20,5,R,1,0,2,,,,
506,2,20,5,0,5,R,1,0,2,,,,
507,0,0,5,12,1,R,1,0,2,,,,
507,1,12,1,20,5,R,1,0,2,,,,
507,2,20,5,0,5,R,1,0,2,,,,
508,0,0,5,12,1,R,1,0,2,,,,
508,1,12,1,20,5,R,1,0,2,,,,
508,2,20,5,0,5,R,1,0,2,,,,
509,0,0,5,12,1,R,1,0,2,,,,
509,1,12,1,20,5,R,1,0,2,,,,
509,2,20,5,0,5,R,1,0,2,,,,
510,0,0,5,-1,5,R,1,2,2,,,,
511,0,0,5,-1,5,R,1,2,2,,,,
512,0,0,5,-1,5,R,1,2,2,,,,
513,0,0,5,-1,5,R,1,2,2,,,,
514,0,0,5,-1,5,R,1,2,2,,,,
515,0,0,5,-1,5,R,1,2,2,,,,
516,0,0,5,-1,5,R,1,2,2,,,,
517,0,0,5,-1,5,R,1,2,2,,,,
518,0,0,5,-1,5,R,1,2,2,,,,
519,0,0,5,-1,5,R,1,2,2,,,,
520,0,0,5,-1,5,R,1,2,2,,,,
521,0,0,5,-1,5,R,1,2,2,,,,
522,0,0,5,-1,5,R,1,2,2,,,,
523,0,0,5,-1,5,R,1,2,2,,,,
524,0,0,5,-1,5,R,1,2,2,,,,
525,0,0,5,-1,5,R,1,2,2,,,,
526,0,0,5,-1,5,R,1,2,2,,,,
527,0,0,5,-1,5,R,1,2,2,,,,
528,0,0,5,-1,5,R,1,2,2,,,,
529,0,0,5,-1,5,R,1,2,2,,,,
530,0,0,5,-1,5,R,1,2,2,,,,
531,0,0,5,-1,5,R,1,2,2,,,,
532,0,0,5,-1,5,R,1,2,2,,,,
533,0,0,5,-1,5,R,1,2,2,,,,
534,0,0,5,-1,5,R,1,2,2,,,,
535,0,0,5,-1,5,R,1,2,2,,,,
536,0,0,5,-1,5,R,1,2,2,,,,
537,0,0,5,-1,5,R,1,2,2,,,,
538,0,0,5,-1,5,R,1,2,2,,,,
539,0,0,5,-1,5,R,1,2,2,,,,
540,0,0,5,-1,5,R,1,2,2,,,,
541,0,0,5,-1,5,R,1,2,2,,,,
542,0,0,5,-1,5,R,1,2,2,,,,
543,0,0,5,-1,5,R,1,2,2,,,,
544,0,0,5,-1,5,R,1,2,2,,,,
545,0,0,5,-1,5,R,1,2,2,,,,
546,0,0,5,-1,5,R,1,2,2,,,,
547,0,0,5,-1,5,R,1,2,2,,,,
548,0,0,5,-1,5,R,1,2,2,,,,
549,0,0,5,-1,5,R,1,2,2,,,,
550,0,0,5,-1,5,R,1,2,2,,,,
551,0,0,5,-1,5,R,1,2,2,,,,
552,0,0,5,-1,5,R,1,2,2,,,,
553,0,0,5,-1,5,R,1,2,2,,,,
554,0,0,5,-1,5,R,1,2,2,,,,
555,0,0,5,-1,5,R,1,2,2,,,,
556,0,0,5,-1,5,R,1,2,2,,,,
557,0,0,5,-1,5,R,1,2,2,,,,
558,0,0,5,-1,5,R,1,2,2,,,,
559,0,0,5,-1,5,R,1,2,2,,,,
560,0,0,5,-1,5,R,1,2,2,,,,
561,0,0,5,-1,5,R,1,2,2,,,,
562,0,0,5,-1,5,R,1,2,2,,,,
563,0,0,5,-1,5,R,1,2,2,,,,
564,0,0,5,-1,5,R,1,2,2,,,,
565,0,0,5,-1,5,R,1,2,2,,,,
566,0,0,5,-1,5,R,1,2,2,,,,
567,0,0,5,-1,5,R,1,2,2,,,,
568,0,0,5,-1,5,R,1,2,2,,,,
569,0,0,5,-1,5,R,1,2,2,,,,
570,0,0,5,-1,5,R,1,2,2,,,,
571,0,0,5,-1,5,R,1,2,2,,,,
572,0,0,5,-1,5,R,1,2,2,,,,
573,0,0,5,-1,5,R,1,2,2,,,,
574,0,0,5,-1,5,R,1,2,2,,,,
575,0,0,5,-1,5,R,1,2,2,,,,
576,0,0,5,-1,5,R,1,2,2,,,,
577,0,0,5,-1,5,R,1,2,2,,,,
578,0,0,5,-1,5,R,1,2,2,,,,
579,0,0,5,-1,5,R,1,2,2,,,,
580,0,0,5,-1,5,R,1,2,2,,,,
581,0,0,5,-1,5,R,1,2,2,,,,
582,0,0,5,-1,5,R,1,2,2,,,,
583,0,0,5,-1,5,R,1,2,2,,,,
584,0,0,5,-1,5,R,1,2,2,,,,
585,0,0,5,-1,5,R,1,2,2,,,,
586,0,0,5,-1,5,R,1,2,2,,,,
587,0,0,5,-1,5,R,1,2,2,,,,
588,0,0,5,-1,5,R,1,2,2,,,,
589,0,0,5,-1,5,R,1,2,2,,,,
590,0,0,5,-1,5,R,1,2,2,,,,
591,0,0,5,-1,5,R,1,2,2,,,,
592,0,0,5,-1,5,R,1,2,2,,,,
593,0,0,5,-1,5,R,1,2,2,,,,
594,0,0,5,-1,5,R,1,2,2,,,,
595,0,0,5,-1,5,R,1,2,2,,,,
596,0,0,5,-1,5,R,1,2,2,,,,
597,0,0,5,-1,5,R,1,2,2,,,,
598,0,0,5,-1,5,R,1,2,2,,,,
599,0,0,5,-1,5,R,1,2,2,,,,
600,0,0,6,12,1,R,1,0,2,,,,
600,1,12,1,20,6,R,1,0,2,,,,
600,2,20,6,0,6,R,1,0,2,,,,
601,0,0,6,12,1,R,1,0,2,,,,
601,1,12,1,20,6,R,1,0,2,,,,
601,2,20,6,0,6,R,1,0,2,,,,
602,0,0,6,12,1,R,1,0,2,,,,
602,1,12,1,20,6,R,1,0,2,,,,
602,2,20,6,0,6,R,1,0,2,,,,
603,0,0,6,12,1,R,1,0,2,,,,
603,1,12,1,20,6,R,1,0,2,,,,
603,2,20,6,0,6,R,1,0,2,,,,
604,0,0,6,12,1,R,1,0,2,,,,
604,1,12,1,20,6,R,1,0,2,,,,
604,2,20,6,0,6,R,1,0,2,,,,
605,0,0,6,12,1,R,1,0,2,,,,
605,1,12,1,20,6,R,1,0,2,,,,
605,2,20,6,0,6,R,1,0,2,,,,
606,0,0,6,12,1,R,1,0,2,,,,
606,1,12,1,20,6,R,1,0,2,,,,
606,2,20,6,0,6,R,1,0,2,,,,
607,0,0,6,12,1,R,1,0,2,,,,
607,1,12,1,20,6,R,1,0,2,,,,
607,2,20,6,0,6,R,1,0,2,,,,
608,0,0,6,12,1,R,1,0,2,,,,
608,1,12,1,20,6,R,1,0,2,,,,
608,2,20,6,0,6,R,1,0,2,,,,
609,0,0,6,12,1,R,1,0,2,,,,
609,1,12,1,20,6,R,1,0,2,,,,
609,2,20,6,0,6,R,1,0,2,,,,
610,0,0,6,-1,6,R,1,2,2,,,,
611,0,0,6,-1,6,R,1,2,2,,,,
612,0,0,6,-1,6,R,1,2,2,,,,
613,0,0,6,-1,6,R,1,2,2,,,,
614,0,0,6,-1,6,R,1,2,2,,,,
615,0,0,6,-1,6,R,1,2,2,,,,
616,0,0,6,-1,6,R,1,2,2,,,,
617,0,0,6,-1,6,R,1,2,2,,,,
618,0,0,6,-1,6,R,1,2,2,,,,
619,0,0,6,-1,6,R,1,2,2,,,,
620,0,0,6,-1,6,R,1,2,2,,,,
621,0,0,6,-1,6,R,1,2,2,,,,
622,0,0,6,-1,6,R,1,2,2,,,,
623,0,0,6,-1,6,R,1,2,2,,,,
624,0,0,6,-1,6,R,1,2,2,,,,
625,0,0,6,-1,6,R,1,2,2,,,,
626,0,0,6,-1,6,R,1,2,2,,,,
627,0,0,6,-1,6,R,1,2,2,,,,
628,0,0,6,-1,6,R,1,2,2,,,,
629,0,0,6,-1,6,R,1,2,2,,,,
630,0,0,6,-1,6,R,1,2,2,,,,
631,0,0,6,-1,6,R,1,2,2,,,,
632,0,0,6,-1,6,R,1,2,2,,,,
633,0,0,6,-1,6,R,1,2,2,,,,
634,0,0,6,-1,6,R,1,2,2,,,,
635,0,0,6,-1,6,R,1,2,2,,,,
636,0,0,6,-1,6,R,1,2,2,,,,
637,0,0,6,-1,6,R,1,2,2,,,,
638,0,0,6,-1,6,R,1,2,2,,,,
639,0,0,6,-1,6,R,1,2,2,,,,
640,0,0,6,-1,6,R,1,2,2,,,,
641,0,0,6,-1,6,R,1,2,2,,,,
642,0,0,6,-1,6,R,1,2,2,,,,
643,0,0,6,-1,6,R,1,2,2,,,,
644,0,0,6,-1,6,R,1,2,2,,,,
645,0,0,6,-1,6,R,1,2,2,,,,
646,0,0,6,-1,6,R,1,2,2,,,,
647,0,0,6,-1,6,R,1,2,2,,,,
648,0,0,6,-1,6,R,1,2,2,,,,
649,0,0,6,-1,6,R,1,2,2,,,,
650,0,0,6,-1,6,R,1,2,2,,,,
651,0,0,6,-1,6,R,1,2,2,,,,
652,0,0,6,-1,6,R,1,2,2,,,,
653,0,0,6,-1,6,R,1,2,2,,,,
654,0,0,6,-1,6,R,1,2,2,,,,
655,0,0,6,-1,6,R,1,2,2,,,,
656,0,0,6,-1,6,R,1,2,2,,,,
657,0,0,6,-1,6,R,1,2,2,,,,
658,0,0,6,-1,6,R,1,2,2,,,,
659,0,0,6,-1,6,R,1,2,2,,,,
660,0,0,6,-1,6,R,1,2,2,,,,
661,0,0,6,-1,6,R,1,2,2,,,,
662,0,0,6,-1,6,R,1,2,2,,,,
663,0,0,6,-1,6,R,1,2,2,,,,
664,0,0,6,-1,6,R,1,2,2,,,,
665,0,0,6,-1,6,R,1,2,2,,,,
666,0,0,6,-1,6,R,1,2,2,,,,
667,0,0,6,-1,6,R,1,2,2,,,,
668,0,0,6,-1,6,R,1,2,2,,,,
669,0,0,6,-1,6,R,1,2,2,,,,
670,0,0,6,-1,6,R,1,2,2,,,,
671,0,0,6,-1,6,R,1,2,2,,,,
672,0,0,6,-1,6,R,1,2,2,,,,
673,0,0,6,-1,6,R,1,2,2,,,,
674,0,0,6,-1,6,R,1,2,2,,,,
675,0,0,6,-1,6,R,1,2,2,,,,
676,0,0,6,-1,6,R,1,2,2,,,,
677,0,0,6,-1,6,R,1,2,2,,,,
678,0,0,6,-1,6,R,1,2,2,,,,
679,0,0,6,-1,6,R,1,2,2,,,,
680,0,0,6,-1,6,R,1,2,2,,,,
681,0,0,6,-1,6,R,1,2,2,,,,
682,0,0,6,-1,6,R,1,2,2,,,,
683,0,0,6,-1,6,R,1,2,2,,,,
684,0,0,6,-1,6,R,1,2,2,,,,
685,0,0,6,-1,6,R,1,2,2,,,,
686,0,0,6,-1,6,R,1,2,2,,,,
687,0,0,6,-1,6,R,1,2,2,,,,
688,0,0,6,-1,6,R,1,2,2,,,,
689,0,0,6,-1,6,R,1,2,2,,,,
690,0,0,6,-1,6,R,1,2,2,,,,
691,0,0,6,-1,6,R,1,2,2,,,,
692,0,0,6,-1,6,R,1,2,2,,,,
693,0,0,6,-1,6,R,1,2,2,,,,
694,0,0,6,-1,6,R,1,2,2,,,,
695,0,0,6,-1,6,R,1,2,2,,,,
696,0,0,6,-1,6,R,1,2,2,,,,
697,0,0,6,-1,6,R,1,2,2,,,,
698,0,0,6,-1,6,R,1,2,2,,,,
699,0,0,6,-1,6,R,1,2,2,,,,
700,0,0,7,12,1,R,1,0,2,,,,
700,1,12,1,20,7,R,1,0,2,,,,
700,2,20,7,0,7,R,1,0,2,,,,
701,0,0,7,12,1,R,1,0,2,,,,
701,1,12,1,20,7,R,1,0,2,,,,
701,2,20,7,0,7,R,1,0,2,,,,
702,0,0,7,12,1,R,1,0,2,,,,
702,1,12,1,20,7,R,1,0,2,,,,
702,2,20,7,0,7,R,1,0,2,,,,
703,0,0,7,12,1,R,1,0,2,,,,
703,1,12,1,20,7,R,1,0,2,,,,
703,2,20,7,0,7,R,1,0,2,,,,
704,0,0,7,12,1,R,1,0,2,,,,
704,1,12,1,20,7,R,1,0,2,,,,
704,2,20,7,0,7,R,1,0,2,,,,
705,0,0,7,12,1,R,1,0,2,,,,
705,1,12,1,20,7,R,1,0,2,,,,
705,2,20,7,0,7,R,1,0,2,,,,
706,0,0,7,12,1,R,1,0,2,,,,
706,1,12,1,20,7,R,1,0,2,,,,
706,2,20,7,0,7,R,1,0,2,,,,
707,0,0,7,12,1,R,1,0,2,,,,
707,1,12,1,20,7,R,1,0,2,,,,
707,2,20,7,0,7,R,1,0,2,,,,
708,0,0,7,12,1,R,1,0,2,,,,
708,1,12,1,20,7,R,1,0,2,,,,
708,2,20,7,0,7,R,1,0,2,,,,
709,0,0,7,12,1,R,1,0,2,,,,
709,1,12,1,20,7,R,1,0,2,,,,
709,2,20,7,0,7,R,1,0,2,,,,
710,0,0,7,-1,7,R,1,2,2,,,,
711,0,0,7,-1,7,R,1,2,2,,,,
712,0,0,7,-1,7,R,1,2,2,,,,
713,0,0,7,-1,7,R,1,2,2,,,,
714,0,0,7,-1,7,R,1,2,2,,,,
715,0,0,7,-1,7,R,1,2,2,,,,
716,0,0,7,-1,7,R,1,2,2,,,,
717,0,0,7,-1,7,R,1,2,2,,,,
718,0,0,7,-1,7,R,1,2,2,,,,
719,0,0,7,-1,7,R,1,2,2,,,,
720,0,0,7,-1,7,R,1,2,2,,,,
721,0,0,7,-1,7,R,1,2,2,,,,
722,0,0,7,-1,7,R,1,2,2,,,,
723,0,0,7,-1,7,R,1,2,2,,,,
724,0,0,7,-1,7,R,1,2,2,,,,
725,0,0,7,-1,7,R,1,2,2,,,,
726,0,0,7,-1,7,R,1,2,2,,,,
727,0,0,7,-1,7,R,1,2,2,,,,
728,0,0,7,-1,7,R,1,2,2,,,,
729,0,0,7,-1,7,R,1,2,2,,,,
730,0,0,7,-1,7,R,1,2,2,,,,
731,0,0,7,-1,7,R,1,2,2,,,,
732,0,0,7,-1,7,R,1,2,2,,,,
733,0,0,7,-1,7,R,1,2,2,,,,
734,0,0,7,-1,7,R,1,2,2,,,,
735,0,0,7,-1,7,R,1,2,2,,,,
736,0,0,7,-1,7,R,1,2,2,,,,
737,0,0,7,-1,7,R,1,2,2,,,,
738,0,0,7,-1,7,R,1,2,2,,,,
739,0,0,7,-1,7,R,1,2,2,,,,
740,0,0,7,-1,7,R,1,2,2,,,,
741,0,0,7,-1,7,R,1,2,2,,,,
742,0,0,7,-1,7,R,1,2,2,,,,
743,0,0,7,-1,7,R,1,2,2,,,,
744,0,0,7,-1,7,R,1,2,2,,,,
745,0,0,7,-1,7,R,1,2,2,,,,
746,0,0,7,-1,7,R,1,2,2,,,,
747,0,0,7,-1,7,R,1,2,2,,,,
748,0,0,7,-1,7,R,1,2,2,,,,
749,0,0,7,-1,7,R,1,2,2,,,,
750,0,0,7,-1,7,R,1,2,2,,,,
751,0,0,7,-1,7,R,1,2,2,,,,
752,0,0,7,-1,7,R,1,2,2,,,,
753,0,0,7,-1,7,R,1,2,2,,,,
754,0,0,7,-1,7,R,1,2,2,,,,
755,0,0,7,-1,7,R,1,2,2,,,,
756,0,0,7,-1,7,R,1,2,2,,,,
757,0,0,7,-1,7,R,1,2,2,,,,
758,0,0,7,-1,7,R,1,2,2,,,,
759,0,0,7,-1,7,R,1,2,2,,,,
760,0,0,7,-1,7,R,1,2,2,,,,
761,0,0,7,-1,7,R,1,2,2,,,,
762,0,0,7,-1,7,R,1,2,2,,,,
763,0,0,7,-1,7,R,1,2,2,,,,
764,0,0,7,-1,7,R,1,2,2,,,,
765,0,0,7,-1,7,R,1,2,2,,,,
766,0,0,7,-1,7,R,1,2,2,,,,
767,0,0,7,-1,7,R,1,2,2,,,,
768,0,0,7,-1,7,R,1,2,2,,,,
769,0,0,7,-1,7,R,1,2,2,,,,
770,0,0,7,-1,7,R,1,2,2,,,,
771,0,0,7,-1,7,R,1,2,2,,,,
772,0,0,7,-1,7,R,1,2,2,,,,
773,0,0,7,-1,7,R,1,2,2,,,,
774,0,0,7,-1,7,R,1,2,2,,,,
775,0,0,7,-1,7,R,1,2,2,,,,
776,0,0,7,-1,7,R,1,2,2,,,,
777,0,0,7,-1,7,R,1,2,2,,,,
778,0,0,7,-1,7,R,1,2,2,,,,
779,0,0,7,-1,7,R,1,2,2,,,,
780,0,0,7,-1,7,R,1,2,2,,,,
781,0,0,7,-1,7,R,1,2,2,,,,
782,0,0,7,-1,7,R,1,2,2,,,,
783,0,0,7,-1,7,R,1,2,2,,,,
784,0,0,7,-1,7,R,1,2,2,,,,
785,0,0,7,-1,7,R,1,2,2,,,,
786,0,0,7,-1,7,R,1,2,2,,,,
787,0,0,7,-1,7,R,1,2,2,,,,
788,0,0,7,-1,7,R,1,2,2,,,,
789,0,0,7,-1,7,R,1,2,2,,,,
790,0,0,7,-1,7,R,1,2,2,,,,
791,0,0,7,-1,7,R,1,2,2,,,,
792,0,0,7,-1,7,R,1,2,2,,,,
793,0,0,7,-1,7,R,1,2,2,,,,
794,0,0,7,-1,7,R,1,2,2,,,,
795,0,0,7,-1,7,R,1,2,2,,,,
796,0,0,7,-1,7,R,1,2,2,,,,
797,0,0,7,-1,7,R,1,2,2,,,,
798,0,0,7,-1,7,R,1,2,2,,,,
799,0,0,7,-1,7,R,1,2,2,,,,
800,0,0,8,12,1,R,1,0,2,,,,
800,1,12,1,20,8,R,1,0,2,,,,
800,2,20,8,0,8,R,1,0,2,,,,
801,0,0,8,12,1,R,1,0,2,,,,
801,1,12,1,20,8,R,1,0,2,,,,
801,2,20,8,0,8,R,1,0,2,,,,
802,0,0,8,12,1,R,1,0,2,,,,
802,1,12,1,20,8,R,1,0,2,,,,
802,2,20,8,0,8,R,1,0,2,,,,
803,0,0,8,12,1,R,1,0,2,,,,
803,1,12,1,20,8,R,1,0,2,,,,
803,2,20,8,0,8,R,1,0,2,,,,
804,0,0,8,12,1,R,1,0,2,,,,
804,1,12,1,20,8,R,1,0,2,,,,
804,2,20,8,0,8,R,1,0,2,,,,
805,0,0,8,12,1,R,1,0,2,,,,
805,1,12,1,20,8,R,1,0,2,,,,
805,2,20,8,0,8,R,1,0,2,,,,
806,0,0,8,12,1,R,1,0,2,,,,
806,1,12,1,20,8,R,1,0,2,,,,
806,2,20,8,0,8,R,1,0,2,,,,
807,0,0,8,12,1,R,1,0,2,,,,
807,1,12,1,20,8,R,1,0,2,,,,
807,2,20,8,0,8,R,1,0,2,,,,
808,0,0,8,12,1,R,1,0,2,,,,
808,1,12,1,20,8,R,1,0,2,,,,
808,2,20,8,0,8,R,1,0,2,,,,
809,0,0,8,12,1,R,1,0,2,,,,
809,1,12,1,20,8,R,1,0,2,,,,
809,2,20,8,0,8,R,1,0,2,,,,
810,0,0,8,-1,8,R,1,2,2,,,,
811,0,0,8,-1,8,R,1,2,2,,,,
812,0,0,8,-1,8,R,1,2,2,,,,
813,0,0,8,-1,8,R,1,2,2,,,,
814,0,0,8,-1,8,R,1,2,2,,,,
815,0,0,8,-1,8,R,1,2,2,,,,
816,0,0,8,-1,8,R,1,2,2,,,,
817,0,0,8,-1,8,R,1,2,2,,,,
818,0,0,8,-1,8,R,1,2,2,,,,
819,0,0,8,-1,8,R,1,2,2,,,,
820,0,0,8,-1,8,R,1,2,2,,,,
821,0,0,8,-1,8,R,1,2,2,,,,
822,0,0,8,-1,8,R,1,2,2,,,,
823,0,0,8,-1,8,R,1,2,2,,,,
824,0,0,8,-1,8,R,1,2,2,,,,
825,0,0,8,-1,8,R,1,2,2,,,,
826,0,0,8,-1,8,R,1,2,2,,,,
827,0,0,8,-1,8,R,1,2,2,,,,
828,0,0,8,-1,8,R,1,2,2,,,,
829,0,0,8,-1,8,R,1,2,2,,,,
830,0,0,8,-1,8,R,1,2,2,,,,
831,0,0,8,-1,8,R,1,2,2,,,,
832,0,0,8,-1,8,R,1,2,2,,,,
833,0,0,8,-1,8,R,1,2,2,,,,
834,0,0,8,-1,8,R,1,2,2,,,,
835,0,0,8,-1,8,R,1,2,2,,,,
836,0,0,8,-1,8,R,1,2,2,,,,
837,0,0,8,-1,8,R,1,2,2,,,,
838,0,0,8,-1,8,R,1,2,2,,,,
839,0,0,8,-1,8,R,1,2,2,,,,
840,0,0,8,-1,8,R,1,2,2,,,,
841,0,0,8,-1,8,R,1,2,2,,,,
842,0,0,8,-1,8,R,1,2,2,,,,
843,0,0,8,-1,8,R,1,2,2,,,,
844,0,0,8,-1,8,R,1,2,2,,,,
845,0,0,8,-1,8,R,1,2,2,,,,
846,0,0,8,-1,8,R,1,2,2,,,,
847,0,0,8,-1,8,R,1,2,2,,,,
848,0,0,8,-1,8,R,1,2,2,,,,
849,0,0,8,-1,8,R,1,2,2,,,,
850,0,0,8,-1,8,R,1,2,2,,,,
851,0,0,8,-1,8,R,1,2,2,,,,
852,0,0,8,-1,8,R,1,2,2,,,,
853,0,0,8,-1,8,R,1,2,2,,,,
854,0,0,8,-1,8,R,1,2,2,,,,
855,0,0,8,-1,8,R,1,2,2,,,,
856,0,0,8,-1,8,R,1,2,2,,,,
857,0,0,8,-1,8,R,1,2,2,,,,
858,0,0,8,-1,8,R,1,2,2,,,,
859,0,0,8,-1,8,R,1,2,2,,,,
860,0,0,8,-1,8,R,1,2,2,,,,
861,0,0,8,-1,8,R,1,2,2,,,,
862,0,0,8,-1,8,R,1,2,2,,,,
863,0,0,8,-1,8,R,1,2,2,,,,
864,0,0,8,-1,8,R,1,2,2,,,,
865,0,0,8,-1,8,R,1,2,2,,,,
866,0,0,8,-1,8,R,1,2,2,,,,
867,0,0,8,-1,8,R,1,2,2,,,,
868,0,0,8,-1,8,R,1,2,2,,,,
869,0,0,8,-1,8,R,1,2,2,,,,
870,0,0,8,-1,8,R,1,2,2,,,,
871,0,0,8,-1,8,R,1,2,2,,,,
872,0,0,8,-1,8,R,1,2,2,,,,
873,0,0,8,-1,8,R,1,2,2,,,,
874,0,0,8,-1,8,R,1,2,2,,,,
875,0,0,8,-1,8,R,1,2,2,,,,
876,0,0,8,-1,8,R,1,2,2,,,,
877,0,0,8,-1,8,R,1,2,2,,,,
878,0,0,8,-1,8,R,1,2,2,,,,
879,0,0,8,-1,8,R,1,2,2,,,,
880,0,0,8,-1,8,R,1,2,2,,,,
881,0,0,8,-1,8,R,1,2,2,,,,
882,0,0,8,-1,8,R,1,2,2,,,,
883,0,0,8,-1,8,R,1,2,2,,,,
884,0,0,8,-1,8,R,1,2,2,,,,
885,0,0,8,-1,8,R,1,2,2,,,,
886,0,0,8,-1,8,R,1,2,2,,,,
887,0,0,8,-1,8,R,1,2,2,,,,
888,0,0,8,-1,8,R,1,2,2,,,,
889,0,0,8,-1,8,R,1,2,2,,,,
890,0,0,8,-1,8,R,1,2,2,,,,
891,0,0,8,-1,8,R,1,2,2,,,,
892,0,0,8,-1,8,R,1,2,2,,,,
893,0,0,8,-1,8,R,1,2,2,,,,
894,0,0,8,-1,8,R,1,2,2,,,,
895,0,0,8,-1,8,R,1,2,2,,,,
896,0,0,8,-1,8,R,1,2,2,,,,
897,0,0,8,-1,8,R,1,2,2,,,,
898,0,0,8,-1,8,R,1,2,2,,,,
899,0,0,8,-1,8,R,1,2,2,,,,
