Population,900,Universe,9,0 Generator A,1 BUFFER A,2 Canary A,3 Generator B,4 BUFFER B,5 CANARY B,6 Generator C,7 BUFFER C,8 Canary C
pID,sno,ETA, @U,ETD, >U, @Role, @Mx,Age-Gp,,,,
0,0,0,0,12,1,R,1,0,,,,
0,1,12,1,18,0,R,1,0,,,,
0,2,18,0,0,0,R,1,0,,,,
1,0,0,0,12,1,R,1,0,,,,
1,1,12,1,18,0,R,1,0,,,,
1,2,18,0,0,0,R,1,0,,,,
2,0,0,0,-1,0,R,1,0,,,,
3,0,0,0,-1,0,R,1,0,,,,
4,0,0,0,-1,0,R,1,0,,,,
5,0,0,0,-1,0,R,1,0,,,,
6,0,0,0,-1,0,R,1,0,,,,
7,0,0,0,-1,0,R,1,0,,,,
8,0,0,0,-1,0,R,1,0,,,,
9,0,0,0,-1,0,R,1,0,,,,
10,0,0,0,-1,0,R,1,0,,,,
11,0,0,0,-1,0,R,1,0,,,,
12,0,0,0,-1,0,R,1,0,,,,
13,0,0,0,-1,0,R,1,0,,,,
14,0,0,0,-1,0,R,1,0,,,,
15,0,0,0,-1,0,R,1,0,,,,
16,0,0,0,-1,0,R,1,0,,,,
17,0,0,0,-1,0,R,1,0,,,,
18,0,0,0,-1,0,R,1,0,,,,
19,0,0,0,-1,0,R,1,0,,,,
20,0,0,0,-1,0,R,1,0,,,,
21,0,0,0,-1,0,R,1,0,,,,
22,0,0,0,-1,0,R,1,0,,,,
23,0,0,0,-1,0,R,1,0,,,,
24,0,0,0,-1,0,R,1,0,,,,
25,0,0,0,-1,0,R,1,0,,,,
26,0,0,0,-1,0,R,1,0,,,,
27,0,0,0,-1,0,R,1,0,,,,
28,0,0,0,-1,0,R,1,0,,,,
29,0,0,0,-1,0,R,1,0,,,,
30,0,0,0,-1,0,R,1,0,,,,
31,0,0,0,-1,0,R,1,0,,,,
32,0,0,0,-1,0,R,1,0,,,,
33,0,0,0,-1,0,R,1,0,,,,
34,0,0,0,-1,0,R,1,0,,,,
35,0,0,0,-1,0,R,1,0,,,,
36,0,0,0,-1,0,R,1,0,,,,
37,0,0,0,-1,0,R,1,0,,,,
38,0,0,0,-1,0,R,1,0,,,,
39,0,0,0,-1,0,R,1,0,,,,
40,0,0,0,-1,0,R,1,1,,,,
41,0,0,0,-1,0,R,1,1,,,,
42,0,0,0,-1,0,R,1,1,,,,
43,0,0,0,-1,0,R,1,1,,,,
44,0,0,0,-1,0,R,1,1,,,,
45,0,0,0,-1,0,R,1,1,,,,
46,0,0,0,-1,0,R,1,1,,,,
47,0,0,0,-1,0,R,1,1,,,,
48,0,0,0,-1,0,R,1,1,,,,
49,0,0,0,-1,0,R,1,1,,,,
50,0,0,0,-1,0,R,1,1,,,,
51,0,0,0,-1,0,R,1,1,,,,
52,0,0,0,-1,0,R,1,1,,,,
53,0,0,0,-1,0,R,1,1,,,,
54,0,0,0,-1,0,R,1,1,,,,
55,0,0,0,-1,0,R,1,1,,,,
56,0,0,0,-1,0,R,1,1,,,,
57,0,0,0,-1,0,R,1,1,,,,
58,0,0,0,-1,0,R,1,1,,,,
59,0,0,0,-1,0,R,1,1,,,,
60,0,0,0,-1,0,R,1,1,,,,
61,0,0,0,-1,0,R,1,1,,,,
62,0,0,0,-1,0,R,1,1,,,,
63,0,0,0,-1,0,R,1,1,,,,
64,0,0,0,-1,0,R,1,1,,,,
65,0,0,0,-1,0,R,1,1,,,,
66,0,0,0,-1,0,R,1,1,,,,
67,0,0,0,-1,0,R,1,1,,,,
68,0,0,0,-1,0,R,1,1,,,,
69,0,0,0,-1,0,R,1,1,,,,
70,0,0,0,-1,0,R,1,1,,,,
71,0,0,0,-1,0,R,1,1,,,,
72,0,0,0,-1,0,R,1,1,,,,
73,0,0,0,-1,0,R,1,1,,,,
74,0,0,0,-1,0,R,1,1,,,,
75,0,0,0,-1,0,R,1,1,,,,
76,0,0,0,-1,0,R,1,1,,,,
77,0,0,0,-1,0,R,1,1,,,,
78,0,0,0,-1,0,R,1,1,,,,
79,0,0,0,-1,0,R,1,1,,,,
80,0,0,0,-1,0,R,1,1,,,,
81,0,0,0,-1,0,R,1,1,,,,
82,0,0,0,-1,0,R,1,1,,,,
83,0,0,0,-1,0,R,1,1,,,,
84,0,0,0,-1,0,R,1,1,,,,
85,0,0,0,-1,0,R,1,1,,,,
86,0,0,0,-1,0,R,1,1,,,,
87,0,0,0,-1,0,R,1,1,,,,
88,0,0,0,-1,0,R,1,1,,,,
89,0,0,0,-1,0,R,1,1,,,,
90,0,0,0,-1,0,R,1,1,,,,
91,0,0,0,-1,0,R,1,1,,,,
92,0,0,0,12,1,R,1,1,,,,
92,1,12,1,18,0,R,1,0,,,,
92,2,18,0,0,0,R,1,0,,,,
93,0,0,0,12,1,R,1,1,,,,
93,1,12,1,18,0,R,1,0,,,,
93,2,18,0,0,0,R,1,0,,,,
94,0,0,0,12,1,R,1,1,,,,
94,1,12,1,18,0,R,1,0,,,,
94,2,18,0,0,0,R,1,0,,,,
95,0,0,0,12,1,R,1,1,,,,
95,1,12,1,18,0,R,1,0,,,,
95,2,18,0,0,0,R,1,0,,,,
96,0,0,0,12,1,R,1,1,,,,
96,1,12,1,18,0,R,1,0,,,,
96,2,18,0,0,0,R,1,0,,,,
97,0,0,0,12,1,R,1,1,,,,
97,1,12,1,18,0,R,1,0,,,,
97,2,18,0,0,0,R,1,0,,,,
98,0,0,0,12,1,R,1,1,,,,
98,1,12,1,18,0,R,1,0,,,,
98,2,18,0,0,0,R,1,0,,,,
99,0,0,0,12,1,R,1,1,,,,
99,1,12,1,18,0,R,1,0,,,,
99,2,18,0,0,0,R,1,0,,,,
100,0,0,1,-1,1,R,1,2,,,,
101,0,0,1,-1,1,R,1,2,,,,
102,0,0,1,-1,1,R,1,2,,,,
103,0,0,1,-1,1,R,1,2,,,,
104,0,0,1,-1,1,R,1,2,,,,
105,0,0,1,-1,1,R,1,2,,,,
106,0,0,1,-1,1,R,1,2,,,,
107,0,0,1,-1,1,R,1,2,,,,
108,0,0,1,-1,1,R,1,2,,,,
109,0,0,1,-1,1,R,1,2,,,,
110,0,0,1,12,2,R,1,2,,,,
110,1,12,2,18,1,R,1,2,,,,
110,2,18,1,0,1,R,1,2,,,,
111,0,0,1,-1,1,R,1,2,,,,
112,0,0,1,-1,1,R,1,2,,,,
113,0,0,1,-1,1,R,1,2,,,,
114,0,0,1,-1,1,R,1,2,,,,
115,0,0,1,12,2,R,1,2,,,,
115,1,12,2,18,1,R,1,2,,,,
115,2,18,1,0,1,R,1,2,,,,
116,0,0,1,-1,1,R,1,2,,,,
117,0,0,1,-1,1,R,1,2,,,,
118,0,0,1,-1,1,R,1,2,,,,
119,0,0,1,-1,1,R,1,2,,,,
120,0,0,1,12,2,R,1,2,,,,
120,1,12,2,18,1,R,1,2,,,,
120,2,18,1,0,1,R,1,2,,,,
121,0,0,1,-1,1,R,1,2,,,,
122,0,0,1,-1,1,R,1,2,,,,
123,0,0,1,-1,1,R,1,2,,,,
124,0,0,1,-1,1,R,1,2,,,,
125,0,0,1,-1,1,R,1,2,,,,
126,0,0,1,-1,1,R,1,2,,,,
127,0,0,1,-1,1,R,1,2,,,,
128,0,0,1,-1,1,R,1,2,,,,
129,0,0,1,-1,1,R,1,2,,,,
130,0,0,1,-1,1,R,1,2,,,,
131,0,0,1,-1,1,R,1,2,,,,
132,0,0,1,-1,1,R,1,2,,,,
133,0,0,1,-1,1,R,1,2,,,,
134,0,0,1,-1,1,R,1,2,,,,
135,0,0,1,-1,1,R,1,2,,,,
136,0,0,1,-1,1,R,1,2,,,,
137,0,0,1,-1,1,R,1,2,,,,
138,0,0,1,-1,1,R,1,2,,,,
139,0,0,1,-1,1,R,1,2,,,,
140,0,0,1,-1,1,R,1,2,,,,
141,0,0,1,-1,1,R,1,2,,,,
142,0,0,1,-1,1,R,1,2,,,,
143,0,0,1,-1,1,R,1,2,,,,
144,0,0,1,-1,1,R,1,2,,,,
145,0,0,1,-1,1,R,1,2,,,,
146,0,0,1,-1,1,R,1,2,,,,
147,0,0,1,-1,1,R,1,2,,,,
148,0,0,1,-1,1,R,1,2,,,,
149,0,0,1,-1,1,R,1,2,,,,
150,0,0,1,-1,1,R,1,2,,,,
151,0,0,1,-1,1,R,1,2,,,,
152,0,0,1,-1,1,R,1,2,,,,
153,0,0,1,-1,1,R,1,2,,,,
154,0,0,1,-1,1,R,1,2,,,,
155,0,0,1,-1,1,R,1,2,,,,
156,0,0,1,-1,1,R,1,2,,,,
157,0,0,1,-1,1,R,1,2,,,,
158,0,0,1,-1,1,R,1,2,,,,
159,0,0,1,-1,1,R,1,2,,,,
160,0,0,1,-1,1,R,1,2,,,,
161,0,0,1,-1,1,R,1,2,,,,
162,0,0,1,-1,1,R,1,2,,,,
163,0,0,1,-1,1,R,1,2,,,,
164,0,0,1,-1,1,R,1,2,,,,
165,0,0,1,-1,1,R,1,2,,,,
166,0,0,1,-1,1,R,1,2,,,,
167,0,0,1,-1,1,R,1,2,,,,
168,0,0,1,-1,1,R,1,2,,,,
169,0,0,1,-1,1,R,1,2,,,,
170,0,0,1,-1,1,R,1,2,,,,
171,0,0,1,-1,1,R,1,2,,,,
172,0,0,1,-1,1,R,1,2,,,,
173,0,0,1,-1,1,R,1,2,,,,
174,0,0,1,-1,1,R,1,2,,,,
175,0,0,1,-1,1,R,1,2,,,,
176,0,0,1,-1,1,R,1,2,,,,
177,0,0,1,-1,1,R,1,2,,,,
178,0,0,1,-1,1,R,1,2,,,,
179,0,0,1,-1,1,R,1,2,,,,
180,0,0,1,-1,1,R,1,2,,,,
181,0,0,1,-1,1,R,1,2,,,,
182,0,0,1,-1,1,R,1,2,,,,
183,0,0,1,-1,1,R,1,2,,,,
184,0,0,1,-1,1,R,1,2,,,,
185,0,0,1,-1,1,R,1,2,,,,
186,0,0,1,-1,1,R,1,2,,,,
187,0,0,1,-1,1,R,1,2,,,,
188,0,0,1,-1,1,R,1,2,,,,
189,0,0,1,-1,1,R,1,2,,,,
190,0,0,1,-1,1,R,1,2,,,,
191,0,0,1,-1,1,R,1,2,,,,
192,0,0,1,-1,1,R,1,2,,,,
193,0,0,1,-1,1,R,1,2,,,,
194,0,0,1,-1,1,R,1,2,,,,
195,0,0,1,-1,1,R,1,2,,,,
196,0,0,1,-1,1,R,1,2,,,,
197,0,0,1,-1,1,R,1,2,,,,
198,0,0,1,-1,1,R,1,2,,,,
199,0,0,1,-1,1,R,1,2,,,,
200,0,0,2,-1,2,R,1,2,,,,
201,0,0,2,-1,2,R,1,2,,,,
202,0,0,2,-1,2,R,1,2,,,,
203,0,0,2,-1,2,R,1,2,,,,
204,0,0,2,-1,2,R,1,2,,,,
205,0,0,2,-1,2,R,1,2,,,,
206,0,0,2,-1,2,R,1,2,,,,
207,0,0,2,-1,2,R,1,2,,,,
208,0,0,2,-1,2,R,1,2,,,,
209,0,0,2,-1,2,R,1,2,,,,
210,0,0,2,-1,2,R,1,2,,,,
211,0,0,2,-1,2,R,1,2,,,,
212,0,0,2,-1,2,R,1,2,,,,
213,0,0,2,-1,2,R,1,2,,,,
214,0,0,2,-1,2,R,1,2,,,,
215,0,0,2,-1,2,R,1,2,,,,
216,0,0,2,-1,2,R,1,2,,,,
217,0,0,2,-1,2,R,1,2,,,,
218,0,0,2,-1,2,R,1,2,,,,
219,0,0,2,-1,2,R,1,2,,,,
220,0,0,2,-1,2,R,1,2,,,,
221,0,0,2,-1,2,R,1,2,,,,
222,0,0,2,-1,2,R,1,2,,,,
223,0,0,2,-1,2,R,1,2,,,,
224,0,0,2,-1,2,R,1,2,,,,
225,0,0,2,-1,2,R,1,2,,,,
226,0,0,2,-1,2,R,1,2,,,,
227,0,0,2,-1,2,R,1,2,,,,
228,0,0,2,-1,2,R,1,2,,,,
229,0,0,2,-1,2,R,1,2,,,,
230,0,0,2,-1,2,R,1,2,,,,
231,0,0,2,-1,2,R,1,2,,,,
232,0,0,2,-1,2,R,1,2,,,,
233,0,0,2,-1,2,R,1,2,,,,
234,0,0,2,-1,2,R,1,2,,,,
235,0,0,2,-1,2,R,1,2,,,,
236,0,0,2,-1,2,R,1,2,,,,
237,0,0,2,-1,2,R,1,2,,,,
238,0,0,2,-1,2,R,1,2,,,,
239,0,0,2,-1,2,R,1,2,,,,
240,0,0,2,-1,2,R,1,2,,,,
241,0,0,2,-1,2,R,1,2,,,,
242,0,0,2,-1,2,R,1,2,,,,
243,0,0,2,-1,2,R,1,2,,,,
244,0,0,2,-1,2,R,1,2,,,,
245,0,0,2,-1,2,R,1,2,,,,
246,0,0,2,-1,2,R,1,2,,,,
247,0,0,2,-1,2,R,1,2,,,,
248,0,0,2,-1,2,R,1,2,,,,
249,0,0,2,-1,2,R,1,2,,,,
250,0,0,2,-1,2,R,1,2,,,,
251,0,0,2,-1,2,R,1,2,,,,
252,0,0,2,-1,2,R,1,2,,,,
253,0,0,2,-1,2,R,1,2,,,,
254,0,0,2,-1,2,R,1,2,,,,
255,0,0,2,-1,2,R,1,2,,,,
256,0,0,2,-1,2,R,1,2,,,,
257,0,0,2,-1,2,R,1,2,,,,
258,0,0,2,-1,2,R,1,2,,,,
259,0,0,2,-1,2,R,1,2,,,,
260,0,0,2,-1,2,R,1,2,,,,
261,0,0,2,-1,2,R,1,2,,,,
262,0,0,2,-1,2,R,1,2,,,,
263,0,0,2,-1,2,R,1,2,,,,
264,0,0,2,-1,2,R,1,2,,,,
265,0,0,2,-1,2,R,1,2,,,,
266,0,0,2,-1,2,R,1,2,,,,
267,0,0,2,-1,2,R,1,2,,,,
268,0,0,2,-1,2,R,1,2,,,,
269,0,0,2,-1,2,R,1,2,,,,
270,0,0,2,-1,2,R,1,2,,,,
271,0,0,2,-1,2,R,1,2,,,,
272,0,0,2,-1,2,R,1,2,,,,
273,0,0,2,-1,2,R,1,2,,,,
274,0,0,2,-1,2,R,1,2,,,,
275,0,0,2,-1,2,R,1,2,,,,
276,0,0,2,-1,2,R,1,2,,,,
277,0,0,2,-1,2,R,1,2,,,,
278,0,0,2,-1,2,R,1,2,,,,
279,0,0,2,-1,2,R,1,2,,,,
280,0,0,2,-1,2,R,1,2,,,,
281,0,0,2,-1,2,R,1,2,,,,
282,0,0,2,-1,2,R,1,2,,,,
283,0,0,2,-1,2,R,1,2,,,,
284,0,0,2,-1,2,R,1,2,,,,
285,0,0,2,-1,2,R,1,2,,,,
286,0,0,2,-1,2,R,1,2,,,,
287,0,0,2,-1,2,R,1,2,,,,
288,0,0,2,-1,2,R,1,2,,,,
289,0,0,2,-1,2,R,1,2,,,,
290,0,0,2,-1,2,R,1,2,,,,
291,0,0,2,-1,2,R,1,2,,,,
292,0,0,2,-1,2,R,1,2,,,,
293,0,0,2,-1,2,R,1,2,,,,
294,0,0,2,-1,2,R,1,2,,,,
295,0,0,2,-1,2,R,1,2,,,,
296,0,0,2,-1,2,R,1,2,,,,
297,0,0,2,-1,2,R,1,2,,,,
298,0,0,2,-1,2,R,1,2,,,,
299,0,0,2,-1,2,R,1,2,,,,
300,0,0,3,12,4,R,1,1,,,,
300,1,12,4,18,3,R,1,1,,,,
300,2,18,3,0,3,R,1,1,,,,
301,0,0,3,12,4,R,1,1,,,,
301,1,12,4,18,3,R,1,1,,,,
301,2,18,3,0,3,R,1,1,,,,
302,0,0,3,-1,0,R,1,1,,,,
303,0,0,3,-1,0,R,1,1,,,,
304,0,0,3,-1,0,R,1,1,,,,
305,0,0,3,-1,0,R,1,1,,,,
306,0,0,3,-1,0,R,1,1,,,,
307,0,0,3,-1,0,R,1,1,,,,
308,0,0,3,-1,0,R,1,1,,,,
309,0,0,3,-1,0,R,1,1,,,,
310,0,0,3,-1,0,R,1,1,,,,
311,0,0,3,-1,0,R,1,1,,,,
312,0,0,3,-1,0,R,1,1,,,,
313,0,0,3,-1,0,R,1,1,,,,
314,0,0,3,-1,0,R,1,1,,,,
315,0,0,3,-1,0,R,1,1,,,,
316,0,0,3,-1,0,R,1,1,,,,
317,0,0,3,-1,0,R,1,1,,,,
318,0,0,3,-1,0,R,1,1,,,,
319,0,0,3,-1,0,R,1,1,,,,
320,0,0,3,-1,0,R,1,1,,,,
321,0,0,3,-1,0,R,1,1,,,,
322,0,0,3,-1,0,R,1,1,,,,
323,0,0,3,-1,0,R,1,1,,,,
324,0,0,3,-1,0,R,1,1,,,,
325,0,0,3,-1,0,R,1,1,,,,
326,0,0,3,-1,0,R,1,1,,,,
327,0,0,3,-1,0,R,1,2,,,,
328,0,0,3,-1,0,R,1,2,,,,
329,0,0,3,-1,0,R,1,2,,,,
330,0,0,3,-1,0,R,1,2,,,,
331,0,0,3,-1,0,R,1,2,,,,
332,0,0,3,-1,0,R,1,2,,,,
333,0,0,3,-1,0,R,1,2,,,,
334,0,0,3,-1,0,R,1,2,,,,
335,0,0,3,-1,0,R,1,2,,,,
336,0,0,3,-1,0,R,1,2,,,,
337,0,0,3,-1,0,R,1,2,,,,
338,0,0,3,-1,0,R,1,2,,,,
339,0,0,3,-1,0,R,1,2,,,,
340,0,0,3,-1,0,R,1,2,,,,
341,0,0,3,-1,0,R,1,2,,,,
342,0,0,3,-1,0,R,1,2,,,,
343,0,0,3,-1,0,R,1,2,,,,
344,0,0,3,-1,0,R,1,2,,,,
345,0,0,3,-1,0,R,1,2,,,,
346,0,0,3,-1,0,R,1,2,,,,
347,0,0,3,-1,0,R,1,2,,,,
348,0,0,3,-1,0,R,1,2,,,,
349,0,0,3,-1,0,R,1,2,,,,
350,0,0,3,-1,0,R,1,2,,,,
351,0,0,3,-1,0,R,1,2,,,,
352,0,0,3,-1,0,R,1,2,,,,
353,0,0,3,-1,0,R,1,2,,,,
354,0,0,3,-1,0,R,1,2,,,,
355,0,0,3,-1,0,R,1,2,,,,
356,0,0,3,-1,0,R,1,2,,,,
357,0,0,3,-1,0,R,1,2,,,,
358,0,0,3,-1,0,R,1,2,,,,
359,0,0,3,-1,0,R,1,2,,,,
360,0,0,3,-1,0,R,1,2,,,,
361,0,0,3,-1,0,R,1,2,,,,
362,0,0,3,-1,0,R,1,2,,,,
363,0,0,3,-1,0,R,1,2,,,,
364,0,0,3,-1,0,R,1,2,,,,
365,0,0,3,-1,0,R,1,2,,,,
366,0,0,3,-1,0,R,1,2,,,,
367,0,0,3,-1,0,R,1,2,,,,
368,0,0,3,-1,0,R,1,2,,,,
369,0,0,3,-1,0,R,1,2,,,,
370,0,0,3,-1,0,R,1,2,,,,
371,0,0,3,-1,0,R,1,2,,,,
372,0,0,3,-1,0,R,1,2,,,,
373,0,0,3,-1,0,R,1,2,,,,
374,0,0,3,-1,0,R,1,2,,,,
375,0,0,3,-1,0,R,1,2,,,,
376,0,0,3,-1,0,R,1,2,,,,
377,0,0,3,-1,0,R,1,2,,,,
378,0,0,3,-1,0,R,1,2,,,,
379,0,0,3,-1,0,R,1,2,,,,
380,0,0,3,-1,0,R,1,2,,,,
381,0,0,3,-1,0,R,1,2,,,,
382,0,0,3,-1,0,R,1,2,,,,
383,0,0,3,-1,0,R,1,2,,,,
384,0,0,3,-1,0,R,1,2,,,,
385,0,0,3,-1,0,R,1,2,,,,
386,0,0,3,-1,0,R,1,2,,,,
387,0,0,3,-1,0,R,1,2,,,,
388,0,0,3,-1,0,R,1,2,,,,
389,0,0,3,-1,0,R,1,2,,,,
390,0,0,3,-1,0,R,1,2,,,,
391,0,0,3,-1,0,R,1,2,,,,
392,0,0,3,12,4,R,1,1,,,,
392,1,12,4,18,3,R,1,0,,,,
392,2,18,3,0,3,R,1,0,,,,
393,0,0,3,12,4,R,1,1,,,,
393,1,12,4,18,3,R,1,0,,,,
393,2,18,3,0,3,R,1,0,,,,
394,0,0,3,12,4,R,1,1,,,,
394,1,12,4,18,3,R,1,0,,,,
394,2,18,3,0,3,R,1,0,,,,
395,0,0,3,12,4,R,1,1,,,,
395,1,12,4,18,3,R,1,0,,,,
395,2,18,3,0,3,R,1,0,,,,
396,0,0,3,12,4,R,1,1,,,,
396,1,12,4,18,3,R,1,0,,,,
396,2,18,3,0,3,R,1,0,,,,
397,0,0,3,12,4,R,1,1,,,,
397,1,12,4,18,3,R,1,0,,,,
397,2,18,3,0,3,R,1,0,,,,
398,0,0,3,12,4,R,1,1,,,,
398,1,12,4,18,3,R,1,0,,,,
398,2,18,3,0,3,R,1,0,,,,
399,0,0,3,12,4,R,1,1,,,,
399,1,12,4,18,3,R,1,0,,,,
399,2,18,3,0,3,R,1,0,,,,
400,0,0,4,-1,4,R,1,2,,,,
401,0,0,4,-1,4,R,1,2,,,,
402,0,0,4,-1,4,R,1,2,,,,
403,0,0,4,-1,4,R,1,2,,,,
404,0,0,4,-1,4,R,1,2,,,,
405,0,0,4,-1,4,R,1,2,,,,
406,0,0,4,-1,4,R,1,2,,,,
407,0,0,4,-1,4,R,1,2,,,,
408,0,0,4,-1,4,R,1,2,,,,
409,0,0,4,-1,4,R,1,2,,,,
410,0,0,4,-1,4,R,1,2,,,,
411,0,0,4,-1,4,R,1,2,,,,
412,0,0,4,-1,4,R,1,2,,,,
413,0,0,4,-1,4,R,1,2,,,,
414,0,0,4,-1,4,R,1,2,,,,
415,0,0,4,-1,4,R,1,2,,,,
416,0,0,4,-1,4,R,1,2,,,,
417,0,0,4,-1,4,R,1,2,,,,
418,0,0,4,-1,4,R,1,2,,,,
419,0,0,4,-1,4,R,1,2,,,,
420,0,0,4,-1,4,R,1,2,,,,
421,0,0,4,-1,4,R,1,2,,,,
422,0,0,4,-1,4,R,1,2,,,,
423,0,0,4,-1,4,R,1,2,,,,
424,0,0,4,-1,4,R,1,2,,,,
425,0,0,4,-1,4,R,1,2,,,,
426,0,0,4,-1,4,R,1,2,,,,
427,0,0,4,12,5,R,1,2,,,,
427,1,12,5,18,4,R,1,2,,,,
427,2,18,4,0,4,R,1,2,,,,
428,0,0,4,-1,4,R,1,2,,,,
429,0,0,4,-1,4,R,1,2,,,,
430,0,0,4,-1,4,R,1,2,,,,
431,0,0,4,-1,4,R,1,2,,,,
432,0,0,4,-1,4,R,1,2,,,,
433,0,0,4,-1,4,R,1,2,,,,
434,0,0,4,-1,4,R,1,2,,,,
435,0,0,4,-1,4,R,1,2,,,,
436,0,0,4,-1,4,R,1,2,,,,
437,0,0,4,-1,4,R,1,2,,,,
438,0,0,4,-1,4,R,1,2,,,,
439,0,0,4,-1,4,R,1,2,,,,
440,0,0,4,12,5,R,1,2,,,,
440,1,12,5,18,4,R,1,2,,,,
440,2,18,4,0,4,R,1,2,,,,
441,0,0,4,-1,4,R,1,2,,,,
442,0,0,4,-1,4,R,1,2,,,,
443,0,0,4,-1,4,R,1,2,,,,
444,0,0,4,-1,4,R,1,2,,,,
445,0,0,4,-1,4,R,1,2,,,,
446,0,0,4,-1,4,R,1,2,,,,
447,0,0,4,-1,4,R,1,2,,,,
448,0,0,4,-1,4,R,1,2,,,,
449,0,0,4,-1,4,R,1,2,,,,
450,0,0,4,-1,4,R,1,2,,,,
451,0,0,4,-1,4,R,1,2,,,,
452,0,0,4,-1,4,R,1,2,,,,
453,0,0,4,-1,4,R,1,2,,,,
454,0,0,4,-1,4,R,1,2,,,,
455,0,0,4,12,5,R,1,2,,,,
455,1,12,5,18,4,R,1,2,,,,
455,2,18,4,0,4,R,1,2,,,,
456,0,0,4,-1,4,R,1,2,,,,
457,0,0,4,-1,4,R,1,2,,,,
458,0,0,4,-1,4,R,1,2,,,,
459,0,0,4,-1,4,R,1,3,,,,
460,0,0,4,-1,4,R,1,3,,,,
461,0,0,4,-1,4,R,1,3,,,,
462,0,0,4,-1,4,R,1,3,,,,
463,0,0,4,-1,4,R,1,3,,,,
464,0,0,4,-1,4,R,1,3,,,,
465,0,0,4,-1,4,R,1,3,,,,
466,0,0,4,-1,4,R,1,3,,,,
467,0,0,4,-1,4,R,1,3,,,,
468,0,0,4,-1,4,R,1,3,,,,
469,0,0,4,-1,4,R,1,3,,,,
470,0,0,4,-1,4,R,1,3,,,,
471,0,0,4,-1,4,R,1,3,,,,
472,0,0,4,-1,4,R,1,3,,,,
473,0,0,4,-1,4,R,1,3,,,,
474,0,0,4,-1,4,R,1,3,,,,
475,0,0,4,-1,4,R,1,3,,,,
476,0,0,4,-1,4,R,1,3,,,,
477,0,0,4,-1,4,R,1,3,,,,
478,0,0,4,-1,4,R,1,3,,,,
479,0,0,4,-1,4,R,1,3,,,,
480,0,0,4,-1,4,R,1,3,,,,
481,0,0,4,-1,4,R,1,3,,,,
482,0,0,4,-1,4,R,1,3,,,,
483,0,0,4,-1,4,R,1,3,,,,
484,0,0,4,-1,4,R,1,3,,,,
485,0,0,4,-1,4,R,1,3,,,,
486,0,0,4,-1,4,R,1,3,,,,
487,0,0,4,-1,4,R,1,3,,,,
488,0,0,4,-1,4,R,1,3,,,,
489,0,0,4,-1,4,R,1,3,,,,
490,0,0,4,-1,4,R,1,3,,,,
491,0,0,4,-1,4,R,1,3,,,,
492,0,0,4,-1,4,R,1,3,,,,
493,0,0,4,-1,4,R,1,3,,,,
494,0,0,4,-1,4,R,1,3,,,,
495,0,0,4,-1,4,R,1,3,,,,
496,0,0,4,-1,4,R,1,3,,,,
497,0,0,4,-1,4,R,1,3,,,,
498,0,0,4,-1,4,R,1,3,,,,
499,0,0,4,-1,4,R,1,3,,,,
500,0,0,5,-1,5,R,1,2,,,,
501,0,0,5,-1,5,R,1,2,,,,
502,0,0,5,-1,5,R,1,2,,,,
503,0,0,5,-1,5,R,1,2,,,,
504,0,0,5,-1,5,R,1,2,,,,
505,0,0,5,-1,5,R,1,2,,,,
506,0,0,5,-1,5,R,1,2,,,,
507,0,0,5,-1,5,R,1,2,,,,
508,0,0,5,-1,5,R,1,2,,,,
509,0,0,5,-1,5,R,1,2,,,,
510,0,0,5,-1,5,R,1,2,,,,
511,0,0,5,-1,5,R,1,2,,,,
512,0,0,5,-1,5,R,1,2,,,,
513,0,0,5,-1,5,R,1,2,,,,
514,0,0,5,-1,5,R,1,2,,,,
515,0,0,5,-1,5,R,1,2,,,,
516,0,0,5,-1,5,R,1,2,,,,
517,0,0,5,-1,5,R,1,2,,,,
518,0,0,5,-1,5,R,1,2,,,,
519,0,0,5,-1,5,R,1,2,,,,
520,0,0,5,-1,5,R,1,2,,,,
521,0,0,5,-1,5,R,1,2,,,,
522,0,0,5,-1,5,R,1,2,,,,
523,0,0,5,-1,5,R,1,2,,,,
524,0,0,5,-1,5,R,1,2,,,,
525,0,0,5,-1,5,R,1,2,,,,
526,0,0,5,-1,5,R,1,2,,,,
527,0,0,5,-1,5,R,1,2,,,,
528,0,0,5,-1,5,R,1,2,,,,
529,0,0,5,-1,5,R,1,2,,,,
530,0,0,5,-1,5,R,1,2,,,,
531,0,0,5,-1,5,R,1,2,,,,
532,0,0,5,-1,5,R,1,2,,,,
533,0,0,5,-1,5,R,1,2,,,,
534,0,0,5,-1,5,R,1,2,,,,
535,0,0,5,-1,5,R,1,2,,,,
536,0,0,5,-1,5,R,1,2,,,,
537,0,0,5,-1,5,R,1,2,,,,
538,0,0,5,-1,5,R,1,2,,,,
539,0,0,5,-1,5,R,1,2,,,,
540,0,0,5,-1,5,R,1,2,,,,
541,0,0,5,-1,5,R,1,2,,,,
542,0,0,5,-1,5,R,1,2,,,,
543,0,0,5,-1,5,R,1,2,,,,
544,0,0,5,-1,5,R,1,2,,,,
545,0,0,5,-1,5,R,1,2,,,,
546,0,0,5,-1,5,R,1,2,,,,
547,0,0,5,-1,5,R,1,2,,,,
548,0,0,5,-1,5,R,1,2,,,,
549,0,0,5,-1,5,R,1,2,,,,
550,0,0,5,-1,5,R,1,2,,,,
551,0,0,5,-1,5,R,1,2,,,,
552,0,0,5,-1,5,R,1,2,,,,
553,0,0,5,-1,5,R,1,2,,,,
554,0,0,5,-1,5,R,1,2,,,,
555,0,0,5,-1,5,R,1,2,,,,
556,0,0,5,-1,5,R,1,2,,,,
557,0,0,5,-1,5,R,1,2,,,,
558,0,0,5,-1,5,R,1,2,,,,
559,0,0,5,-1,5,R,1,3,,,,
560,0,0,5,-1,5,R,1,3,,,,
561,0,0,5,-1,5,R,1,3,,,,
562,0,0,5,-1,5,R,1,3,,,,
563,0,0,5,-1,5,R,1,3,,,,
564,0,0,5,-1,5,R,1,3,,,,
565,0,0,5,-1,5,R,1,3,,,,
566,0,0,5,-1,5,R,1,3,,,,
567,0,0,5,-1,5,R,1,3,,,,
568,0,0,5,-1,5,R,1,3,,,,
569,0,0,5,-1,5,R,1,3,,,,
570,0,0,5,-1,5,R,1,3,,,,
571,0,0,5,-1,5,R,1,3,,,,
572,0,0,5,-1,5,R,1,3,,,,
573,0,0,5,-1,5,R,1,3,,,,
574,0,0,5,-1,5,R,1,3,,,,
575,0,0,5,-1,5,R,1,3,,,,
576,0,0,5,-1,5,R,1,3,,,,
577,0,0,5,-1,5,R,1,3,,,,
578,0,0,5,-1,5,R,1,3,,,,
579,0,0,5,-1,5,R,1,3,,,,
580,0,0,5,-1,5,R,1,3,,,,
581,0,0,5,-1,5,R,1,3,,,,
582,0,0,5,-1,5,R,1,3,,,,
583,0,0,5,-1,5,R,1,3,,,,
584,0,0,5,-1,5,R,1,3,,,,
585,0,0,5,-1,5,R,1,3,,,,
586,0,0,5,-1,5,R,1,3,,,,
587,0,0,5,-1,5,R,1,3,,,,
588,0,0,5,-1,5,R,1,3,,,,
589,0,0,5,-1,5,R,1,3,,,,
590,0,0,5,-1,5,R,1,3,,,,
591,0,0,5,-1,5,R,1,3,,,,
592,0,0,5,-1,5,R,1,3,,,,
593,0,0,5,-1,5,R,1,3,,,,
594,0,0,5,-1,5,R,1,3,,,,
595,0,0,5,-1,5,R,1,3,,,,
596,0,0,5,-1,5,R,1,3,,,,
597,0,0,5,-1,5,R,1,3,,,,
598,0,0,5,-1,5,R,1,3,,,,
599,0,0,5,-1,5,R,1,3,,,,
600,0,0,6,12,7,R,1,0,,,,
600,1,12,7,18,6,R,1,0,,,,
600,2,18,6,6,6,R,1,0,,,,
601,0,0,6,12,7,R,1,0,,,,
601,1,12,7,18,6,R,1,0,,,,
601,2,18,6,6,6,R,1,0,,,,
602,0,0,6,-1,6,R,1,0,,,,
603,0,0,6,-1,6,R,1,0,,,,
604,0,0,6,-1,6,R,1,0,,,,
605,0,0,6,-1,6,R,1,0,,,,
606,0,0,6,-1,6,R,1,0,,,,
607,0,0,6,-1,6,R,1,0,,,,
608,0,0,6,-1,6,R,1,0,,,,
609,0,0,6,-1,6,R,1,0,,,,
610,0,0,6,-1,6,R,1,0,,,,
611,0,0,6,-1,6,R,1,0,,,,
612,0,0,6,-1,6,R,1,0,,,,
613,0,0,6,-1,6,R,1,0,,,,
614,0,0,6,-1,6,R,1,0,,,,
615,0,0,6,-1,6,R,1,0,,,,
616,0,0,6,-1,6,R,1,0,,,,
617,0,0,6,-1,6,R,1,0,,,,
618,0,0,6,-1,6,R,1,0,,,,
619,0,0,6,-1,6,R,1,0,,,,
620,0,0,6,-1,6,R,1,0,,,,
621,0,0,6,-1,6,R,1,0,,,,
622,0,0,6,-1,6,R,1,0,,,,
623,0,0,6,-1,6,R,1,0,,,,
624,0,0,6,-1,6,R,1,0,,,,
625,0,0,6,-1,6,R,1,0,,,,
626,0,0,6,-1,6,R,1,0,,,,
627,0,0,6,-1,6,R,1,0,,,,
628,0,0,6,-1,6,R,1,0,,,,
629,0,0,6,-1,6,R,1,0,,,,
630,0,0,6,-1,6,R,1,0,,,,
631,0,0,6,-1,6,R,1,0,,,,
632,0,0,6,-1,6,R,1,0,,,,
633,0,0,6,-1,6,R,1,0,,,,
634,0,0,6,-1,6,R,1,0,,,,
635,0,0,6,-1,6,R,1,0,,,,
636,0,0,6,-1,6,R,1,0,,,,
637,0,0,6,-1,6,R,1,0,,,,
638,0,0,6,-1,6,R,1,0,,,,
639,0,0,6,-1,6,R,1,0,,,,
640,0,0,6,-1,6,R,1,1,,,,
641,0,0,6,-1,6,R,1,1,,,,
642,0,0,6,-1,6,R,1,1,,,,
643,0,0,6,-1,6,R,1,1,,,,
644,0,0,6,-1,6,R,1,1,,,,
645,0,0,6,-1,6,R,1,1,,,,
646,0,0,6,-1,6,R,1,1,,,,
647,0,0,6,-1,6,R,1,1,,,,
648,0,0,6,-1,6,R,1,1,,,,
649,0,0,6,-1,6,R,1,1,,,,
650,0,0,6,-1,6,R,1,1,,,,
651,0,0,6,-1,6,R,1,1,,,,
652,0,0,6,-1,6,R,1,1,,,,
653,0,0,6,-1,6,R,1,1,,,,
654,0,0,6,-1,6,R,1,1,,,,
655,0,0,6,-1,6,R,1,1,,,,
656,0,0,6,-1,6,R,1,1,,,,
657,0,0,6,-1,6,R,1,1,,,,
658,0,0,6,-1,6,R,1,1,,,,
659,0,0,6,-1,6,R,1,1,,,,
660,0,0,6,-1,6,R,1,1,,,,
661,0,0,6,-1,6,R,1,1,,,,
662,0,0,6,-1,6,R,1,1,,,,
663,0,0,6,-1,6,R,1,1,,,,
664,0,0,6,-1,6,R,1,1,,,,
665,0,0,6,-1,6,R,1,1,,,,
666,0,0,6,-1,6,R,1,1,,,,
667,0,0,6,-1,6,R,1,1,,,,
668,0,0,6,-1,6,R,1,1,,,,
669,0,0,6,-1,6,R,1,1,,,,
670,0,0,6,-1,6,R,1,1,,,,
671,0,0,6,-1,6,R,1,1,,,,
672,0,0,6,-1,6,R,1,1,,,,
673,0,0,6,-1,6,R,1,1,,,,
674,0,0,6,-1,6,R,1,1,,,,
675,0,0,6,-1,6,R,1,1,,,,
676,0,0,6,-1,6,R,1,1,,,,
677,0,0,6,-1,6,R,1,1,,,,
678,0,0,6,-1,6,R,1,1,,,,
679,0,0,6,-1,6,R,1,1,,,,
680,0,0,6,-1,6,R,1,1,,,,
681,0,0,6,-1,6,R,1,1,,,,
682,0,0,6,-1,6,R,1,1,,,,
683,0,0,6,-1,6,R,1,1,,,,
684,0,0,6,-1,6,R,1,1,,,,
685,0,0,6,-1,6,R,1,1,,,,
686,0,0,6,-1,6,R,1,1,,,,
687,0,0,6,-1,6,R,1,1,,,,
688,0,0,6,-1,6,R,1,1,,,,
689,0,0,6,-1,6,R,1,1,,,,
690,0,0,6,-1,6,R,1,1,,,,
691,0,0,6,-1,6,R,1,1,,,,
692,0,0,6,12,7,R,1,1,,,,
692,1,12,7,18,6,R,1,0,,,,
692,2,18,6,6,6,R,1,0,,,,
693,0,0,6,12,7,R,1,1,,,,
693,1,12,7,18,6,R,1,0,,,,
693,2,18,6,6,6,R,1,0,,,,
694,0,0,6,12,7,R,1,1,,,,
694,1,12,7,18,6,R,1,0,,,,
694,2,18,6,6,6,R,1,0,,,,
695,0,0,6,12,7,R,1,1,,,,
695,1,12,7,18,6,R,1,0,,,,
695,2,18,6,6,6,R,1,0,,,,
696,0,0,6,12,7,R,1,1,,,,
696,1,12,7,18,6,R,1,0,,,,
696,2,18,6,6,6,R,1,0,,,,
697,0,0,6,12,7,R,1,1,,,,
697,1,12,7,18,6,R,1,0,,,,
697,2,18,6,6,6,R,1,0,,,,
698,0,0,6,12,7,R,1,1,,,,
698,1,12,7,18,6,R,1,0,,,,
698,2,18,6,6,6,R,1,0,,,,
699,0,0,6,12,7,R,1,1,,,,
699,1,12,7,18,6,R,1,0,,,,
699,2,18,6,6,6,R,1,0,,,,
700,0,0,7,-1,7,R,1,2,,,,
701,0,0,7,-1,7,R,1,2,,,,
702,0,0,7,-1,7,R,1,2,,,,
703,0,0,7,-1,7,R,1,2,,,,
704,0,0,7,-1,7,R,1,2,,,,
705,0,0,7,-1,7,R,1,2,,,,
706,0,0,7,-1,7,R,1,2,,,,
707,0,0,7,-1,7,R,1,2,,,,
708,0,0,7,-1,7,R,1,2,,,,
709,0,0,7,-1,7,R,1,2,,,,
710,0,0,7,12,8,R,1,2,,,,
710,1,12,8,18,7,R,1,2,,,,
710,2,18,7,0,7,R,1,2,,,,
711,0,0,7,-1,7,R,1,2,,,,
712,0,0,7,-1,7,R,1,2,,,,
713,0,0,7,-1,7,R,1,2,,,,
714,0,0,7,-1,7,R,1,2,,,,
715,0,0,7,12,8,R,1,2,,,,
715,1,12,8,18,7,R,1,2,,,,
715,2,18,7,0,7,R,1,2,,,,
716,0,0,7,-1,7,R,1,2,,,,
717,0,0,7,-1,7,R,1,2,,,,
718,0,0,7,-1,7,R,1,2,,,,
719,0,0,7,-1,7,R,1,2,,,,
720,0,0,7,12,8,R,1,2,,,,
720,1,12,8,18,7,R,1,2,,,,
720,2,18,7,0,7,R,1,2,,,,
721,0,0,7,-1,7,R,1,2,,,,
722,0,0,7,-1,7,R,1,2,,,,
723,0,0,7,-1,7,R,1,2,,,,
724,0,0,7,-1,7,R,1,2,,,,
725,0,0,7,-1,7,R,1,2,,,,
726,0,0,7,-1,7,R,1,2,,,,
727,0,0,7,-1,7,R,1,2,,,,
728,0,0,7,-1,7,R,1,2,,,,
729,0,0,7,-1,7,R,1,2,,,,
730,0,0,7,-1,7,R,1,2,,,,
731,0,0,7,-1,7,R,1,2,,,,
732,0,0,7,-1,7,R,1,2,,,,
733,0,0,7,-1,7,R,1,2,,,,
734,0,0,7,-1,7,R,1,2,,,,
735,0,0,7,-1,7,R,1,2,,,,
736,0,0,7,-1,7,R,1,2,,,,
737,0,0,7,-1,7,R,1,2,,,,
738,0,0,7,-1,7,R,1,2,,,,
739,0,0,7,-1,7,R,1,2,,,,
740,0,0,7,-1,7,R,1,2,,,,
741,0,0,7,-1,7,R,1,2,,,,
742,0,0,7,-1,7,R,1,2,,,,
743,0,0,7,-1,7,R,1,2,,,,
744,0,0,7,-1,7,R,1,2,,,,
745,0,0,7,-1,7,R,1,2,,,,
746,0,0,7,-1,7,R,1,2,,,,
747,0,0,7,-1,7,R,1,2,,,,
748,0,0,7,-1,7,R,1,2,,,,
749,0,0,7,-1,7,R,1,2,,,,
750,0,0,7,-1,7,R,1,2,,,,
751,0,0,7,-1,7,R,1,2,,,,
752,0,0,7,-1,7,R,1,2,,,,
753,0,0,7,-1,7,R,1,2,,,,
754,0,0,7,-1,7,R,1,2,,,,
755,0,0,7,-1,7,R,1,2,,,,
756,0,0,7,-1,7,R,1,2,,,,
757,0,0,7,-1,7,R,1,2,,,,
758,0,0,7,-1,7,R,1,2,,,,
759,0,0,7,-1,7,R,1,2,,,,
760,0,0,7,-1,7,R,1,2,,,,
761,0,0,7,-1,7,R,1,2,,,,
762,0,0,7,-1,7,R,1,2,,,,
763,0,0,7,-1,7,R,1,2,,,,
764,0,0,7,-1,7,R,1,2,,,,
765,0,0,7,-1,7,R,1,2,,,,
766,0,0,7,-1,7,R,1,2,,,,
767,0,0,7,-1,7,R,1,2,,,,
768,0,0,7,-1,7,R,1,2,,,,
769,0,0,7,-1,7,R,1,2,,,,
770,0,0,7,-1,7,R,1,2,,,,
771,0,0,7,-1,7,R,1,2,,,,
772,0,0,7,-1,7,R,1,2,,,,
773,0,0,7,-1,7,R,1,2,,,,
774,0,0,7,-1,7,R,1,2,,,,
775,0,0,7,-1,7,R,1,2,,,,
776,0,0,7,-1,7,R,1,2,,,,
777,0,0,7,-1,7,R,1,2,,,,
778,0,0,7,-1,7,R,1,2,,,,
779,0,0,7,-1,7,R,1,2,,,,
780,0,0,7,-1,7,R,1,2,,,,
781,0,0,7,-1,7,R,1,2,,,,
782,0,0,7,-1,7,R,1,2,,,,
783,0,0,7,-1,7,R,1,2,,,,
784,0,0,7,-1,7,R,1,2,,,,
785,0,0,7,-1,7,R,1,2,,,,
786,0,0,7,-1,7,R,1,2,,,,
787,0,0,7,-1,7,R,1,2,,,,
788,0,0,7,-1,7,R,1,2,,,,
789,0,0,7,-1,7,R,1,2,,,,
790,0,0,7,-1,7,R,1,2,,,,
791,0,0,7,-1,7,R,1,2,,,,
792,0,0,7,-1,7,R,1,2,,,,
793,0,0,7,-1,7,R,1,2,,,,
794,0,0,7,-1,7,R,1,2,,,,
795,0,0,7,-1,7,R,1,2,,,,
796,0,0,7,-1,7,R,1,2,,,,
797,0,0,7,-1,7,R,1,2,,,,
798,0,0,7,-1,7,R,1,2,,,,
799,0,0,7,-1,7,R,1,2,,,,
800,0,0,8,-1,8,R,1,2,,,,
801,0,0,8,-1,8,R,1,2,,,,
802,0,0,8,-1,8,R,1,2,,,,
803,0,0,8,-1,8,R,1,2,,,,
804,0,0,8,-1,8,R,1,2,,,,
805,0,0,8,-1,8,R,1,2,,,,
806,0,0,8,-1,8,R,1,2,,,,
807,0,0,8,-1,8,R,1,2,,,,
808,0,0,8,-1,8,R,1,2,,,,
809,0,0,8,-1,8,R,1,2,,,,
810,0,0,8,-1,8,R,1,2,,,,
811,0,0,8,-1,8,R,1,2,,,,
812,0,0,8,-1,8,R,1,2,,,,
813,0,0,8,-1,8,R,1,2,,,,
814,0,0,8,-1,8,R,1,2,,,,
815,0,0,8,-1,8,R,1,2,,,,
816,0,0,8,-1,8,R,1,2,,,,
817,0,0,8,-1,8,R,1,2,,,,
818,0,0,8,-1,8,R,1,2,,,,
819,0,0,8,-1,8,R,1,2,,,,
820,0,0,8,-1,8,R,1,2,,,,
821,0,0,8,-1,8,R,1,2,,,,
822,0,0,8,-1,8,R,1,2,,,,
823,0,0,8,-1,8,R,1,2,,,,
824,0,0,8,-1,8,R,1,2,,,,
825,0,0,8,-1,8,R,1,2,,,,
826,0,0,8,-1,8,R,1,2,,,,
827,0,0,8,-1,8,R,1,2,,,,
828,0,0,8,-1,8,R,1,2,,,,
829,0,0,8,-1,8,R,1,2,,,,
830,0,0,8,-1,8,R,1,2,,,,
831,0,0,8,-1,8,R,1,2,,,,
832,0,0,8,-1,8,R,1,2,,,,
833,0,0,8,-1,8,R,1,2,,,,
834,0,0,8,-1,8,R,1,2,,,,
835,0,0,8,-1,8,R,1,2,,,,
836,0,0,8,-1,8,R,1,2,,,,
837,0,0,8,-1,8,R,1,2,,,,
838,0,0,8,-1,8,R,1,2,,,,
839,0,0,8,-1,8,R,1,2,,,,
840,0,0,8,-1,8,R,1,2,,,,
841,0,0,8,-1,8,R,1,2,,,,
842,0,0,8,-1,8,R,1,2,,,,
843,0,0,8,-1,8,R,1,2,,,,
844,0,0,8,-1,8,R,1,2,,,,
845,0,0,8,-1,8,R,1,2,,,,
846,0,0,8,-1,8,R,1,2,,,,
847,0,0,8,-1,8,R,1,2,,,,
848,0,0,8,-1,8,R,1,2,,,,
849,0,0,8,-1,8,R,1,2,,,,
850,0,0,8,-1,8,R,1,2,,,,
851,0,0,8,-1,8,R,1,2,,,,
852,0,0,8,-1,8,R,1,2,,,,
853,0,0,8,-1,8,R,1,2,,,,
854,0,0,8,-1,8,R,1,2,,,,
855,0,0,8,-1,8,R,1,2,,,,
856,0,0,8,-1,8,R,1,2,,,,
857,0,0,8,-1,8,R,1,2,,,,
858,0,0,8,-1,8,R,1,2,,,,
859,0,0,8,-1,8,R,1,2,,,,
860,0,0,8,-1,8,R,1,2,,,,
861,0,0,8,-1,8,R,1,2,,,,
862,0,0,8,-1,8,R,1,2,,,,
863,0,0,8,-1,8,R,1,2,,,,
864,0,0,8,-1,8,R,1,2,,,,
865,0,0,8,-1,8,R,1,2,,,,
866,0,0,8,-1,8,R,1,2,,,,
867,0,0,8,-1,8,R,1,2,,,,
868,0,0,8,-1,8,R,1,2,,,,
869,0,0,8,-1,8,R,1,2,,,,
870,0,0,8,-1,8,R,1,2,,,,
871,0,0,8,-1,8,R,1,2,,,,
872,0,0,8,-1,8,R,1,2,,,,
873,0,0,8,-1,8,R,1,2,,,,
874,0,0,8,-1,8,R,1,2,,,,
875,0,0,8,-1,8,R,1,2,,,,
876,0,0,8,-1,8,R,1,2,,,,
877,0,0,8,-1,8,R,1,2,,,,
878,0,0,8,-1,8,R,1,2,,,,
879,0,0,8,-1,8,R,1,2,,,,
880,0,0,8,-1,8,R,1,2,,,,
881,0,0,8,-1,8,R,1,2,,,,
882,0,0,8,-1,8,R,1,2,,,,
883,0,0,8,-1,8,R,1,2,,,,
884,0,0,8,-1,8,R,1,2,,,,
885,0,0,8,-1,8,R,1,2,,,,
886,0,0,8,-1,8,R,1,2,,,,
887,0,0,8,-1,8,R,1,2,,,,
888,0,0,8,-1,8,R,1,2,,,,
889,0,0,8,-1,8,R,1,2,,,,
890,0,0,8,-1,8,R,1,2,,,,
891,0,0,8,-1,8,R,1,2,,,,
892,0,0,8,-1,8,R,1,2,,,,
893,0,0,8,-1,8,R,1,2,,,,
894,0,0,8,-1,8,R,1,2,,,,
895,0,0,8,-1,8,R,1,2,,,,
896,0,0,8,-1,8,R,1,2,,,,
897,0,0,8,-1,8,R,1,2,,,,
898,0,0,8,-1,8,R,1,2,,,,
899,0,0,8,-1,8,R,1,2,,,,
